学科_顺序	学科	具体	号	课题	具体_方向	index	index_all
0	马克思主义·科学社会主义	True	1	习近平新时代中国特色社会主义思想对马克思主义的重大贡献研究	*	0	0
0	马克思主义·科学社会主义	True	2	习近平新时代中国特色社会主义思想在马克思主义中国化进程中的历史地位研究	*	1	1
0	马克思主义·科学社会主义	True	3	习近平新时代中国特色社会主义经济思想研究	*	2	2
0	马克思主义·科学社会主义	True	4	习近平新时代中国特色社会主义生态文明思想研究	*	3	3
0	马克思主义·科学社会主义	True	5	习近平新时代中国特色社会主义外交思想研究	*	4	4
0	马克思主义·科学社会主义	True	6	习近平新时代中国特色社会主义强军思想研究	*	5	5
0	马克思主义·科学社会主义	True	7	习近平新时代中国特色社会主义思想的科学逻辑研究	*	6	6
0	马克思主义·科学社会主义	True	8	习近平总书记关于国家治理现代化的重要论述研究	*	7	7
0	马克思主义·科学社会主义	True	9	习近平总书记关于构建人类命运共同体的重要论述研究	*	8	8
0	马克思主义·科学社会主义	True	10	习近平总书记关于加强党的政治建设的重要论述研究	*	9	9
0	马克思主义·科学社会主义	True	11	习近平总书记关于意识形态工作的重要论述研究	*	10	10
0	马克思主义·科学社会主义	True	12	习近平总书记关于网络强国的重要论述研究	*	11	11
0	马克思主义·科学社会主义	True	13	习近平总书记关于教育工作的重要论述研究	*	12	12
0	马克思主义·科学社会主义	True	14	习近平总书记关于思想政治教育的重要论述研究	*	13	13
0	马克思主义·科学社会主义	True	15	习近平总书记关于加强和改进人民政协工作的重要论述研究	*	14	14
0	马克思主义·科学社会主义	True	16	马克思主义经典文献及其当代价值研究	*	15	15
0	马克思主义·科学社会主义	True	17	马克思主义发展史若干重要问题研究	*	16	16
0	马克思主义·科学社会主义	True	18	马克思主义时代观研究	*	17	17
0	马克思主义·科学社会主义	True	19	马克思主义关于坚守人民立场的思想研究	*	18	18
0	马克思主义·科学社会主义	True	20	马克思主义关于社会矛盾思想研究	*	19	19
0	马克思主义·科学社会主义	True	21	马克思主义经典作家无产阶级政党建设思想研究	*	20	20
0	马克思主义·科学社会主义	True	22	马克思主义执政党意识形态的思想引领和社会认同研究	*	21	21
0	马克思主义·科学社会主义	True	23	马克思主义在中国的传播研究	*	22	22
0	马克思主义·科学社会主义	True	24	国际共产主义运动的重要问题研究	*	23	23
0	马克思主义·科学社会主义	True	25	中国共产党领导人民进行伟大社会革命的理论和实践研究	*	24	24
0	马克思主义·科学社会主义	True	26	中国共产党的自我革命研究	*	25	25
0	马克思主义·科学社会主义	True	27	新时代政德建设研究	*	26	26
0	马克思主义·科学社会主义	True	28	新时代中国特色社会主义文化自信研究	*	27	27
0	马克思主义·科学社会主义	True	29	新时代加强中国共产党党内政治文化建设研究	*	28	28
0	马克思主义·科学社会主义	True	30	新时代社会主义核心价值观引领作用研究	*	29	29
0	马克思主义·科学社会主义	True	31	新时代青年价值观培育机制研究	*	30	30
0	马克思主义·科学社会主义	True	32	新时代高校思想政治教育工作队伍建设研究	*	31	31
0	马克思主义·科学社会主义	True	33	红色文化融入高校思想政治教育研究	*	32	32
0	马克思主义·科学社会主义	True	34	青少年社会主义核心价值观培育和践行研究	*	33	33
0	马克思主义·科学社会主义	True	35	“一带一路”倡议与提升中国文化软实力研究	*	34	34
0	马克思主义·科学社会主义	True	36	新中国成立以来社会主要矛盾演变进程和主要依据研究	*	35	35
0	马克思主义·科学社会主义	True	37	改革开放以来马克思主义信仰教育基本经验研究	*	36	36
0	马克思主义·科学社会主义	True	38	改革开放以来我国扶贫成就与经验研究	*	37	37
0	马克思主义·科学社会主义	True	39	社会主义意识形态凝聚力和引领力建设研究	*	38	38
0	马克思主义·科学社会主义	True	40	“五四精神”的时代价值研究	*	39	39
0	马克思主义·科学社会主义	False	41	新时代全面深化改革研究		40	40
0	马克思主义·科学社会主义	False	42	新时代全面扩大开放研究		41	41
0	马克思主义·科学社会主义	False	43	新时代社会主要矛盾变化与人的全面发展问题研究		42	42
0	马克思主义·科学社会主义	False	44	新时代防范和化解社会风险研究		43	43
0	马克思主义·科学社会主义	False	45	新时代“一国两制”理论与实践研究		44	44
0	马克思主义·科学社会主义	False	46	新时代爱国主义教育研究		45	45
0	马克思主义·科学社会主义	False	47	新时代中国革命文化的弘扬与发展研究		46	46
0	马克思主义·科学社会主义	False	48	新时代中国特色社会主义对外话语体系研究		47	47
0	马克思主义·科学社会主义	False	49	社会主义核心价值观凝聚社会共识研究		48	48
0	马克思主义·科学社会主义	False	50	社会主义核心价值观的海外传播研究		49	49
0	马克思主义·科学社会主义	False	51	中华优秀传统文化传承发展研究		50	50
0	马克思主义·科学社会主义	False	52	中国特色社会主义政治发展道路研究		51	51
0	马克思主义·科学社会主义	False	53	中国特色社会主义文化对外传播研究		52	52
0	马克思主义·科学社会主义	False	54	中国方案的国际影响与世界意义研究		53	53
0	马克思主义·科学社会主义	False	55	中国对外文化传播能力提升研究		54	54
0	马克思主义·科学社会主义	False	56	马克思主义关于社会革命理论研究		55	55
0	马克思主义·科学社会主义	False	57	马克思主义经典作家关于党的政治建设理论研究		56	56
0	马克思主义·科学社会主义	False	58	马克思主义经典作家关于党的建设学说研究		57	57
0	马克思主义·科学社会主义	False	59	列宁帝国主义理论的时代价值研究		58	58
0	马克思主义·科学社会主义	False	60	马克思主义中国化发展历程及历史经验研究		59	59
0	马克思主义·科学社会主义	False	61	21世纪世界社会主义发展动向研究		60	60
0	马克思主义·科学社会主义	False	62	中国特色新型智库建设研究		61	61
0	马克思主义·科学社会主义	False	63	新中国成立以来中国现代化的历史进程和基本经验研究		62	62
0	马克思主义·科学社会主义	False	64	新中国成立以来中国共产党执政经验研究		63	63
0	马克思主义·科学社会主义	False	65	新中国成立以来高校马克思主义理论队伍建设研究		64	64
0	马克思主义·科学社会主义	False	66	新中国成立以来发展观的演变及启示研究		65	65
0	马克思主义·科学社会主义	False	67	改革开放以来高校思想政治理论课建设的历史进程和基本经验研究		66	66
0	马克思主义·科学社会主义	False	68	改革开放以来高校意识形态工作基本经验研究		67	67
0	马克思主义·科学社会主义	False	69	改革开放以来我国社会治理创新的发展历程和基本经验研究		68	68
0	马克思主义·科学社会主义	False	70	当代资本主义新变化和发展动向研究		69	69
0	马克思主义·科学社会主义	False	71	西方马克思主义的帝国主义批判研究		70	70
0	马克思主义·科学社会主义	False	72	当代国外左翼运动和思潮研究		71	71
1	党史·党建	True	1	习近平总书记关于党史、国史的重要论述研究	*	0	72
1	党史·党建	True	2	习近平总书记关于党的建设和组织工作的重要论述研究	*	1	73
1	党史·党建	True	3	习近平总书记关于依规治党的重要论述研究	*	2	74
1	党史·党建	True	4	树立“四个意识”、践行“两个维护”研究	*	3	75
1	党史·党建	True	5	维护党中央权威和集中统一领导研究	*	4	76
1	党史·党建	True	6	坚持和加强党的全面领导研究	*	5	77
1	党史·党建	True	7	新时代党的建设总体布局和总要求研究	*	6	78
1	党史·党建	True	8	新时代中国共产党的历史使命研究	*	7	79
1	党史·党建	True	9	中国共产党与中华民族伟大复兴奋斗史研究	*	8	80
1	党史·党建	True	10	中国共产党指导思想创新史研究	*	9	81
1	党史·党建	True	11	中国共产党基本理论、基本路线、基本方略形成与发展研究	*	10	82
1	党史·党建	True	12	中国共产党领导中国人民迎来从站起来、富起来到强起来的伟大飞跃研究	*	11	83
1	党史·党建	True	13	中国共产党维护国家安全和发展利益的历史经验研究	*	12	84
1	党史·党建	True	14	中国共产党红色文化发展史研究	*	13	85
1	党史·党建	True	15	中国共产党革命精神谱系研究	*	14	86
1	党史·党建	True	16	中国共产党以自我革命推动社会革命的历史经验研究	*	15	87
1	党史·党建	True	17	中国共产党与民主党派关系的历史研究	*	16	88
1	党史·党建	True	18	中国共产党领导精准扶贫工作史研究	*	17	89
1	党史·党建	True	19	中国共产党与五四运动关系研究	*	18	90
1	党史·党建	True	20	中国共产党局部执政的历史进程和经验研究	*	19	91
1	党史·党建	True	21	中国共产党全国执政的历史进程和经验研究	*	20	92
1	党史·党建	True	22	新中国70年的历程、成就与经验研究	*	21	93
1	党史·党建	True	23	新中国70年国家形象塑造研究	*	22	94
1	党史·党建	True	24	中国人民政治协商会议70年研究	*	23	95
1	党史·党建	True	25	新中国70年口述历史的搜集整理与研究	*	24	96
1	党史·党建	True	26	新中国70年党领导妇女工作的历史与经验研究	*	25	97
1	党史·党建	True	27	马克思主义经典作家党建学说研究	*	26	98
1	党史·党建	True	28	共产国际、联共（布）与中国革命关系研究	*	27	99
1	党史·党建	True	29	中国共产党早期代表性人物与五四运动研究	*	28	100
1	党史·党建	True	30	五四运动前后进步刊物、进步团体研究	*	29	101
1	党史·党建	True	31	中国新民主主义革命时期革命根据地史研究（分专题）	*	30	102
1	党史·党建	True	32	中国共产党新民主主义革命时期奋斗历程、基本经验研究（分阶段、分专题）	*	31	103
1	党史·党建	True	33	实现中国共产党的自我革命和革命性锻造研究	*	32	104
1	党史·党建	True	34	把制度建设贯穿中国共产党自身建设各方面全过程研究	*	33	105
1	党史·党建	True	35	发挥机关党建引领作用、推进模范机关建设研究	*	34	106
1	党史·党建	True	36	发挥政治建设在机关党建工作中的统领作用研究	*	35	107
1	党史·党建	False	37	新时代党的建设基础理论问题研究		36	108
1	党史·党建	False	38	中国共产党党史研究的理论与方法研究		37	109
1	党史·党建	False	39	中国共产党党的建设学说相关文献整理与研究		38	110
1	党史·党建	False	40	中国共产党党建学科建设与研究方法创新研究		39	111
1	党史·党建	False	41	新时代党内法规制度建设的特点和趋势研究		40	112
1	党史·党建	False	42	新时代党的基层组织建设研究		41	113
1	党史·党建	False	43	新时代党管干部制度体系研究		42	114
1	党史·党建	False	44	新时代国有企业党的建设与创新研究		43	115
1	党史·党建	False	45	中国共产党长期执政能力建设研究		44	116
1	党史·党建	False	46	中国共产党提高运用法治思维和法治方式能力研究		45	117
1	党史·党建	False	47	中国共产党历史观研究		46	118
1	党史·党建	False	48	中国共产党领导中国社会主义现代化建设发展历程研究		47	119
1	党史·党建	False	49	中国共产党领导社会主义革命、建设和改革史研究（分经济、政治、文化、社会、生态文明等专题）		48	120
1	党史·党建	False	50	中国共产党领导意识形态工作史研究		49	121
1	党史·党建	False	51	中国共产党领导下的工人运动、妇女解放运动和青年运动研究（分专题）		50	122
1	党史·党建	False	52	中国共产党的民生观与实践经验研究		51	123
1	党史·党建	False	53	中国共产党党章研究		52	124
1	党史·党建	False	54	中国共产党党内监督体系研究		53	125
1	党史·党建	False	55	中国共产党的重大会议、重大决策、重大事件和重要人物研究（分专题）		54	126
1	党史·党建	False	56	中国共产党党史研究中反对历史虚无主义问题研究		55	127
1	党史·党建	False	57	党史国史重点和疑难问题研究		56	128
1	党史·党建	False	58	巩固中国共产党执政安全研究		57	129
1	党史·党建	False	59	提高中国共产党党的建设质量研究		58	130
1	党史·党建	False	60	加强群团组织建设、激发群团组织和社会组织活力研究		59	131
1	党史·党建	False	61	加强党的巡视工作和巡察工作研究		60	132
1	党史·党建	False	62	加强和完善中国共产党纪律检查制度研究		61	133
1	党史·党建	False	63	依规治党与坚持和加强党的全面领导关系研究		62	134
1	党史·党建	False	64	党内法规功能定位和价值取向研究		63	135
1	党史·党建	False	65	党内法规发展历程和经验研究		64	136
1	党史·党建	False	66	党内法规学科建设和人才培养研究		65	137
1	党史·党建	False	67	党内法规执行力建设研究		66	138
1	党史·党建	False	68	健全党和国家监督体系研究		67	139
1	党史·党建	False	69	领导干部正向激励效能研究		68	140
1	党史·党建	False	70	对红色文化资源、抗日战争重要遗址遗迹等的保护和利用研究		69	141
1	党史·党建	False	71	对领袖人物纪念馆和革命旧址发挥教育基地作用的经验研究		70	142
1	党史·党建	False	72	新中国成立后党领导对外援助工作的历史与经验研究		71	143
1	党史·党建	False	73	网络空间治理与党对意识形态工作领导权研究		72	144
1	党史·党建	False	74	改革开放以来党建研究综述与评析		73	145
2	哲学	True	1	习近平新时代中国特色社会主义思想的哲学研究	*	0	146
2	哲学	True	2	习近平新时代中国特色社会主义思想的方法论研究	*	1	147
2	哲学	True	3	习近平总书记关于教育工作重要论述的哲学基础及方法论研究	*	2	148
2	哲学	True	4	习近平总书记关于民生和扶贫工作重要论述的哲学基础及方法论研究	*	3	149
2	哲学	True	5	习近平总书记关于意识形态工作重要论述的哲学基础与方法论研究	*	4	150
2	哲学	True	6	新时代社会主要矛盾的哲学研究	*	5	151
2	哲学	True	7	新时代全面深化改革和扩大开放的方法论研究	*	6	152
2	哲学	True	8	新时代生态文明的哲学研究	*	7	153
2	哲学	True	9	中华人民共和国70年哲学发展历程的反思和展望	*	8	154
2	哲学	True	10	中华民族伟大复兴历史进程的哲学研究	*	9	155
2	哲学	True	11	中国发展历史方位的哲学研究	*	10	156
2	哲学	True	12	建设社会主义现代化强国的哲学研究	*	11	157
2	哲学	True	13	人类命运共同体的哲学研究	*	12	158
2	哲学	True	14	时代问题的哲学研究	*	13	159
2	哲学	True	15	新发展理念的哲学基础及其方法论研究	*	14	160
2	哲学	True	16	社会主义核心价值观基本理论研究	*	15	161
2	哲学	True	17	防范和化解重大风险的哲学研究	*	16	162
2	哲学	True	18	中国社会治理现代化的哲学研究	*	17	163
2	哲学	True	19	中华文化传播与国家文化软实力提升研究	*	18	164
2	哲学	True	20	中国特色哲学社会科学话语体系研究	*	19	165
2	哲学	False	21	新时代中国特色哲学基本理论研究		20	166
2	哲学	False	22	新时代马克思主义哲学学科体系构建研究		21	167
2	哲学	False	23	马克思主义哲学经典著作研究		22	168
2	哲学	False	24	马克思主义哲学基本理论研究		23	169
2	哲学	False	25	马克思主义哲学史专题研究		24	170
2	哲学	False	26	马克思主义经济哲学研究		25	171
2	哲学	False	27	马克思主义政治哲学研究		26	172
2	哲学	False	28	马克思主义文化哲学研究		27	173
2	哲学	False	29	马克思主义社会哲学研究		28	174
2	哲学	False	30	马克思主义历史哲学研究		29	175
2	哲学	False	31	马克思主义价值哲学研究		30	176
2	哲学	False	32	马克思主义科技哲学研究		31	177
2	哲学	False	33	马克思主义人学研究		32	178
2	哲学	False	34	马克思主义哲学的中国化、时代化、大众化研究		33	179
2	哲学	False	35	国外马克思主义哲学研究		34	180
2	哲学	False	36	中国传统哲学的基础理论问题研究		35	181
2	哲学	False	37	中国传统哲学文献的整理与诠释专题研究		36	182
2	哲学	False	38	中国哲学方法论研究		37	183
2	哲学	False	39	中国哲学断代史研究		38	184
2	哲学	False	40	中国哲学史人物、流派研究		39	185
2	哲学	False	41	中国传统宗教哲学研究		40	186
2	哲学	False	42	中国古代生态文明思想的哲学研究		41	187
2	哲学	False	43	中国传统核心价值观研究		42	188
2	哲学	False	44	近代以来中国价值观变迁研究		43	189
2	哲学	False	45	中国传统哲学的思想特色研究		44	190
2	哲学	False	46	中国传统哲学当代发展趋向研究		45	191
2	哲学	False	47	中华优秀传统文化的当代化和现代化研究		46	192
2	哲学	False	48	中国传统文化的当代性和世界性研究		47	193
2	哲学	False	49	当代中国阐释学研究		48	194
2	哲学	False	50	中外哲学交流与比较研究		49	195
2	哲学	False	51	西方哲学的基础理论问题研究		50	196
2	哲学	False	52	西方哲学断代史研究		51	197
2	哲学	False	53	现代西方哲学专题研究		52	198
2	哲学	False	54	当代外国哲学思潮、流派和前沿问题研究		53	199
2	哲学	False	55	西方哲学经典著作编译研究		54	200
2	哲学	False	56	外国哲学国别研究		55	201
2	哲学	False	57	西方形而上学研究		56	202
2	哲学	False	58	西方认识论研究		57	203
2	哲学	False	59	意识与心灵哲学专题研究		58	204
2	哲学	False	60	西方历史哲学研究		59	205
2	哲学	False	61	西方政治哲学与法哲学研究		60	206
2	哲学	False	62	西方语言哲学研究		61	207
2	哲学	False	63	西方宗教哲学研究		62	208
2	哲学	False	64	东方哲学专题研究		63	209
2	哲学	False	65	新时代中国特色伦理学理论体系与学科构建研究		64	210
2	哲学	False	66	马克思主义伦理学研究		65	211
2	哲学	False	67	伦理思想史研究		66	212
2	哲学	False	68	伦理学基础理论与前沿问题研究		67	213
2	哲学	False	69	道德哲学理论的创新性研究		68	214
2	哲学	False	70	当代科学技术发展的伦理问题研究		69	215
2	哲学	False	71	思想道德建设专题研究（含社会公德、职业道德、家庭美德、个人品德）		70	216
2	哲学	False	72	中华传统美德的传承、弘扬和现代转化研究		71	217
2	哲学	False	73	新时代中国特色美学理论体系与学科构建研究		72	218
2	哲学	False	74	美学原理基本问题研究		73	219
2	哲学	False	75	中国美学史基本问题研究		74	220
2	哲学	False	76	中国当代美学前沿问题研究		75	221
2	哲学	False	77	西方美学史研究		76	222
2	哲学	False	78	当代西方美学专题研究		77	223
2	哲学	False	79	新时代中国科学技术哲学基本理论体系与学科构建研究		78	224
2	哲学	False	80	科学技术史基础问题的哲学研究		79	225
2	哲学	False	81	当代科学技术前沿问题的哲学研究		80	226
2	哲学	False	82	人工智能前沿问题的哲学研究		81	227
2	哲学	False	83	未来科技的哲学研究		82	228
2	哲学	False	84	认知科学的哲学研究		83	229
2	哲学	False	85	复杂性问题的哲学研究		84	230
2	哲学	False	86	科学技术社会学研究		85	231
2	哲学	False	87	当代环境与生态哲学问题研究		86	232
2	哲学	False	88	重大工程技术问题的哲学研究		87	233
2	哲学	False	89	著名科学家的哲学思想及方法论研究		88	234
2	哲学	False	90	中国古代逻辑研究		89	235
2	哲学	False	91	西方逻辑哲学前沿问题研究		90	236
2	哲学	False	92	数理逻辑基础问题研究		91	237
2	哲学	False	93	逻辑、语言与智能研究		92	238
2	哲学	False	94	非经典逻辑研究		93	239
2	哲学	False	95	逻辑与博弈(论)研究		94	240
3	理论经济	True	1	习近平新时代中国特色社会主义经济思想研究	*	0	241
3	理论经济	True	2	中国特色社会主义政治经济学学科体系、学术体系、话语体系研究	*	1	242
3	理论经济	True	3	改革开放40年中国特色社会主义经济建设基本经验研究	*	2	243
3	理论经济	True	4	新时代加强党对经济工作的集中统一领导研究	*	3	244
3	理论经济	True	5	新时代发展和创新马克思主义政治经济学研究	*	4	245
3	理论经济	True	6	新时代社会主义市场经济体制的发展与完善研究	*	5	246
3	理论经济	True	7	新时代转变政府职能和优化政府机构设置研究	*	6	247
3	理论经济	True	8	新时代发展和完善中国特色社会主义收入分配体系研究	*	7	248
3	理论经济	True	9	新时代加快实现共同富裕的路径研究	*	8	249
3	理论经济	True	10	新时代国民经济高质量发展研究	*	9	250
3	理论经济	True	11	新时代防范与化解系统性金融风险研究	*	10	251
3	理论经济	True	12	新时代乡村振兴战略研究	*	11	252
3	理论经济	True	13	新时代区域协调发展战略研究	*	12	253
3	理论经济	True	14	新时代提高财政政策和货币政策前瞻性问题研究	*	13	254
3	理论经济	True	15	新时代鼓励、支持、引导、保护民营经济发展研究	*	14	255
3	理论经济	True	16	新时代提升中国企业创新能力的政策研究	*	15	256
3	理论经济	True	17	中国特色现代国有企业制度建设研究	*	16	257
3	理论经济	True	18	新时代深化金融体制改革研究	*	17	258
3	理论经济	True	19	新时代中美互利共赢的经贸合作关系研究	*	18	259
3	理论经济	True	20	创新、协调、绿色、开放、共享的新发展理念研究	*	19	260
3	理论经济	True	21	推动经济全球化更加开放、包容、普惠、平衡、共赢的发展机制研究	*	20	261
3	理论经济	True	22	现代化经济体系建设研究	*	21	262
3	理论经济	True	23	深化供给侧结构性改革研究	*	22	263
3	理论经济	True	24	建设创新型国家的制度保证与实现路径研究	*	23	264
3	理论经济	True	25	宏观政策评价体系研究	*	24	265
3	理论经济	True	26	宏观政策协调机制研究	*	25	266
3	理论经济	True	27	加强世界各国宏观政策协调机制研究	*	26	267
3	理论经济	True	28	宏观审慎监管与总需求管理政策协调研究	*	27	268
3	理论经济	True	29	结构性去杠杆研究	*	28	269
3	理论经济	True	30	减税降费与财政可持续性研究	*	29	270
3	理论经济	True	31	深化混合所有制改革研究	*	30	271
3	理论经济	True	32	防范和化解地方政府隐性债务风险研究	*	31	272
3	理论经济	True	33	坚持“两个毫不动摇”研究	*	32	273
3	理论经济	True	34	增强消费对经济发展的基础性作用研究	*	33	274
3	理论经济	True	35	提振民间投资的长效机制研究	*	34	275
3	理论经济	True	36	住房制度改革和长效机制建设研究	*	35	276
3	理论经济	True	37	推动形成全面开放新格局研究	*	36	277
3	理论经济	True	38	建设创新包容的开放型世界经济格局研究	*	37	278
3	理论经济	True	39	完善全球经济治理体系新思路研究	*	38	279
3	理论经济	True	40	新一轮科技革命和产业变革机遇下打造新技术、新产业、新业态、新模式研究	*	39	280
3	理论经济	True	41	当代资本主义经济发展的阶段性特征及其发展趋势研究	*	40	281
3	理论经济	True	42	西方经济学方法论演进研究	*	41	282
3	理论经济	False	43	新时代完善地方政府激励机制研究		42	283
3	理论经济	False	44	新时代社会就业结构变动趋势研究		43	284
3	理论经济	False	45	新时代吸引和利用外资相关问题研究		44	285
3	理论经济	False	46	新时代提升中小企业外贸竞争力研究		45	286
3	理论经济	False	47	新时代东北老工业基地发展研究		46	287
3	理论经济	False	48	新时代精准扶贫政策设计及效果评估研究		47	288
3	理论经济	False	49	中国特色自由贸易港建设研究		48	289
3	理论经济	False	50	创新和完善宏观调控体系研究		49	290
3	理论经济	False	51	产业政策和WTO规则兼容性研究		50	291
3	理论经济	False	52	国有企业竞争中性原则研究		51	292
3	理论经济	False	53	民营企业融资难、融资贵问题研究		52	293
3	理论经济	False	54	深化利率和汇率市场化改革研究		53	294
3	理论经济	False	55	更加成熟的消费细分市场研究		54	295
3	理论经济	False	56	构建亲清新型政商关系研究		55	296
3	理论经济	False	57	促进内需和外需平衡增长研究		56	297
3	理论经济	False	58	系统性金融风险预警体系研究		57	298
3	理论经济	False	59	人民币汇率稳定机制研究		58	299
3	理论经济	False	60	提升金融服务实体经济能力研究		59	300
3	理论经济	False	61	多层次资本市场建设研究		60	301
3	理论经济	False	62	理顺金融市场间利率传导机制研究		61	302
3	理论经济	False	63	完善各类国有资产管理体制研究		62	303
3	理论经济	False	64	促进中小民营企业发展研究		63	304
3	理论经济	False	65	鼓励民营企业开展和参与基础性创新研究		64	305
3	理论经济	False	66	制造业服务化对产业升级的影响研究		65	306
3	理论经济	False	67	知识产权保护与企业创新研究		66	307
3	理论经济	False	68	大数据方法与宏观经济运行预警体系研究		67	308
3	理论经济	False	69	人工智能与服务业高质量发展研究		68	309
3	理论经济	False	70	人工智能与劳动密集型行业转型研究		69	310
3	理论经济	False	71	数字经济环境下市场有效性和公平性研究		70	311
3	理论经济	False	72	深化土地要素市场化改革研究		71	312
3	理论经济	False	73	深化劳动力市场化资源配置研究		72	313
3	理论经济	False	74	新型城镇化与乡村振兴战略研究		73	314
3	理论经济	False	75	京津冀协同发展研究		74	315
3	理论经济	False	76	长江三角洲区域一体化发展研究		75	316
3	理论经济	False	77	长江经济带发展研究		76	317
3	理论经济	False	78	新时期国际经贸环境变化趋势及应对策略研究		77	318
3	理论经济	False	79	扩大进口与经济高质量发展关系研究		78	319
3	理论经济	False	80	中国企业国际化战略研究		79	320
3	理论经济	False	81	贸易摩擦背景下中国企业风险对冲策略研究		80	321
3	理论经济	False	82	中国对外投资保护问题研究		81	322
3	理论经济	False	83	“一带一路”沿线国家资源走廊建设与利益共享机制研究		82	323
3	理论经济	False	84	扩大区域开放与合作研究		83	324
3	理论经济	False	85	中国境外经贸合作区发展研究		84	325
3	理论经济	False	86	中国跨境支付体系建设研究		85	326
3	理论经济	False	87	全球产业链调整新趋势研究		86	327
3	理论经济	False	88	西方发达国家新一轮贸易保护主义研究		87	328
4	应用经济	True	1	我国经济高质量发展的指标体系研究	*	0	329
4	应用经济	True	2	推动经济高质量发展的制度环境和政策体系优化研究	*	1	330
4	应用经济	True	3	经济高质量发展的产业政策转型研究	*	2	331
4	应用经济	True	4	我国现阶段需求总量和结构状况及其变动趋势研究	*	3	332
4	应用经济	True	5	新形势下我国宏观调控体系研究	*	4	333
4	应用经济	True	6	我国全面建立绩效预算制度研究	*	5	334
4	应用经济	True	7	新形势下财政政策与货币政策协调研究	*	6	335
4	应用经济	True	8	我国地方政府隐性债务风险研究	*	7	336
4	应用经济	True	9	去杠杆进程中地方政府债务管控研究	*	8	337
4	应用经济	True	10	政府投资体制改革与推进PPP模式研究	*	9	338
4	应用经济	True	11	中央与地方财政支出责任研究	*	10	339
4	应用经济	True	12	深化增值税制度改革研究	*	11	340
4	应用经济	True	13	“放管服”改革经济影响评估研究	*	12	341
4	应用经济	True	14	“减税降费”的政策评估研究	*	13	342
4	应用经济	True	15	个人所得税改革影响研究	*	14	343
4	应用经济	True	16	我国消费税改革研究	*	15	344
4	应用经济	True	17	工业化后期阶段产业结构变动趋势研究	*	16	345
4	应用经济	True	18	推进我国服务业开放研究	*	17	346
4	应用经济	True	19	我国产业基金发展状况与管理研究	*	18	347
4	应用经济	True	20	促进房地产市场稳定发展的长效机制研究	*	19	348
4	应用经济	True	21	新能源发展战略研究	*	20	349
4	应用经济	True	22	促进制造业绿色转型的政策体系研究	*	21	350
4	应用经济	True	23	重大基础设施、基本公共服务中的政府定价研究	*	22	351
4	应用经济	True	24	“一带一路”背景下新能源汽车发展战略研究	*	23	352
4	应用经济	True	25	深化电力体制改革研究	*	24	353
4	应用经济	True	26	新时期区域产业分工与高质量发展研究	*	25	354
4	应用经济	True	27	健全房地产交易透明机制研究	*	26	355
4	应用经济	True	28	发展混合所有制经济研究	*	27	356
4	应用经济	True	29	我国营商环境优化战略研究	*	28	357
4	应用经济	True	30	竞争中立原则与国有企业改革研究	*	29	358
4	应用经济	True	31	企业竞争与资源配置效率研究	*	30	359
4	应用经济	True	32	加强保护民营企业财产所有权研究	*	31	360
4	应用经济	True	33	企业并购重组中的会计和审计问题研究	*	32	361
4	应用经济	True	34	股权质押、公司治理与财务风险预警研究	*	33	362
4	应用经济	True	35	促进民营经济发展的财税政策研究	*	34	363
4	应用经济	True	36	支持重点耐用消费品租赁的信用和保险机制研究	*	35	364
4	应用经济	True	37	国有资本授权经营制度研究	*	36	365
4	应用经济	True	38	以改革激发国有企业活力研究	*	37	366
4	应用经济	True	39	充分发挥企业家作用的制度和政策研究	*	38	367
4	应用经济	True	40	公用事业领域深化国资国企改革研究	*	39	368
4	应用经济	True	41	国家生育政策调整对家庭生育及劳动力市场供给的影响研究	*	40	369
4	应用经济	True	42	全面提升劳动力素质解决就业结构性矛盾问题研究	*	41	370
4	应用经济	True	43	缩小财产和收入差距合理有效途径研究	*	42	371
4	应用经济	True	44	跨行政区的经济区域发展机制建设研究	*	43	372
4	应用经济	True	45	国家公园管理体制与区域经济发展研究	*	44	373
4	应用经济	True	46	特大城市空间布局研究	*	45	374
4	应用经济	True	47	推进西部大开发形成新格局研究	*	46	375
4	应用经济	True	48	加快东北老工业基地振兴研究	*	47	376
4	应用经济	True	49	粤港澳大湾区协同发展研究	*	48	377
4	应用经济	True	50	发挥自贸试验区引领高水平开放作用研究	*	49	378
4	应用经济	True	51	参与全球产业链竞争对策研究	*	50	379
4	应用经济	True	52	我国参与全球治理对策研究	*	51	380
4	应用经济	True	53	当前国际资本流动新特点研究	*	52	381
4	应用经济	True	54	提高我国投资效率研究	*	53	382
4	应用经济	True	55	新形势下金融开放问题研究	*	54	383
4	应用经济	True	56	经济下行压力加大条件下防范金融风险研究	*	55	384
4	应用经济	True	57	适应经济高质量发展的金融改革研究	*	56	385
4	应用经济	True	58	互联网金融市场风险及行业监管应对研究	*	57	386
4	应用经济	True	59	我国对外投资安全与质量问题研究	*	58	387
4	应用经济	True	60	我国自由贸易区战略研究	*	59	388
4	应用经济	True	61	探索建设中国特色自由贸易港研究	*	60	389
4	应用经济	True	62	我国维护多边经贸规则问题研究	*	61	390
4	应用经济	True	63	我国内需主导的进口战略研究	*	62	391
4	应用经济	True	64	我国扩大进口对国际贸易格局的影响研究	*	63	392
4	应用经济	True	65	国际多边贸易体制改革与我国对策研究	*	64	393
4	应用经济	True	66	稳外贸对策研究	*	65	394
4	应用经济	True	67	稳外资对策研究	*	66	395
4	应用经济	True	68	推动进一步发展中非经贸关系研究	*	67	396
4	应用经济	True	69	“一带一路”建设中相关国家债务风险研究	*	68	397
4	应用经济	True	70	中美经济关系变化趋势研究	*	69	398
4	应用经济	True	71	中美贸易关系新形势下的预期管理问题研究	*	70	399
4	应用经济	True	72	美国货币、税收政策对我国经济发展影响研究	*	71	400
4	应用经济	True	73	中美贸易关系新形势下我国先进制造业应对策略及转型升级路径研究	*	72	401
4	应用经济	True	74	深化生态环境监管体制改革研究	*	73	402
4	应用经济	True	75	健全自然资源监管体制机制研究	*	74	403
4	应用经济	True	76	绿色发展的国际合作研究	*	75	404
4	应用经济	True	77	京津冀绿色发展路径研究	*	76	405
4	应用经济	True	78	健全生态补偿机制研究	*	77	406
4	应用经济	True	79	重点生态功能区配套政策研究	*	78	407
4	应用经济	True	80	土地规划管理体制国际比较研究	*	79	408
4	应用经济	True	81	协调推进新型城镇化与乡村振兴战略研究	*	80	409
4	应用经济	True	82	乡村振兴战略背景下产业发展投融资创新机制研究	*	81	410
4	应用经济	True	83	农村金融服务乡村振兴战略研究	*	82	411
4	应用经济	True	84	促进新型农村集体经济发展研究	*	83	412
4	应用经济	True	85	深化农村集体产权制度改革研究	*	84	413
4	应用经济	True	86	农村宅基地三权分置改革的政策评估研究	*	85	414
4	应用经济	True	87	城乡统筹推进农村生态环境治理保护研究	*	86	415
4	应用经济	True	88	农业农村优先发展的体制机制与政策体系研究	*	87	416
4	应用经济	True	89	小农户生产和现代农业发展有机衔接研究	*	88	417
4	应用经济	True	90	新形势下我国粮食安全研究	*	89	418
4	应用经济	True	91	农产品国际贸易变化的影响与对策研究	*	90	419
4	应用经济	True	92	深化农村土地制度改革研究	*	91	420
4	应用经济	True	93	乡村旅游业发展的国际经验和我国发展策略研究	*	92	421
4	应用经济	True	94	乡村振兴与妇女发展研究	*	93	422
4	应用经济	True	95	土地流转对妇女生计影响研究	*	94	423
4	应用经济	True	96	城乡户籍制度与土地制度联动并轨的目标及路径研究	*	95	424
4	应用经济	True	97	城乡基础设施和基本公共服务均等化的财政保障体系研究	*	96	425
4	应用经济	True	98	建成可持续、多层次社会保障体系研究	*	97	426
4	应用经济	True	99	农业转移人口市民化政策体系研究	*	98	427
5	统计学	True	1	基于R&D等核算改革的我国生产率测算研究	*	0	428
5	统计学	True	2	基于大数据的宏观经济数据质量监测评价研究	*	1	429
5	统计学	True	3	我国环境政策效应的测度与评价研究	*	2	430
5	统计学	True	4	大数据背景下我国新产业新业态新模式统计监测研究	*	3	431
5	统计学	True	5	供给侧结构性改革与我国能源发展质量效率的测度研究	*	4	432
5	统计学	True	6	杠杆率测度与结构性优化研究	*	5	433
5	统计学	True	7	高质量增长约束下我国能源资源优化配置的统计测度研究	*	6	434
5	统计学	True	8	“一带一路”沿线国家投资风险的统计研究	*	7	435
5	统计学	True	9	环保税政策有效性统计研究	*	8	436
5	统计学	True	10	基于多数据源的我国脱贫过程监测方法研究	*	9	437
5	统计学	True	11	国际进口博览会经济社会效应研究	*	10	438
5	统计学	True	12	制造业有效创新对价值链上移的作用研究	*	11	439
5	统计学	True	13	基于科技进步统计监测的科技创新中心评价研究	*	12	440
5	统计学	True	14	现代旅游业发展监测方法与中国旅游卫星账户研究	*	13	441
5	统计学	True	15	农业转移人口市民化测度及其空间分布研究	*	14	442
5	统计学	True	16	“以房养老”的财富代际传递效应测度研究	*	15	443
5	统计学	True	17	居民住房消费与自有住房服务核算研究	*	16	444
5	统计学	True	18	地方政府财政风险监测与预警的统计研究	*	17	445
5	统计学	True	19	多源审计数据的信息重构与融合技术建模研究	*	18	446
5	统计学	True	20	超高维数据网络模型及其在金融市场风险应用研究	*	19	447
5	统计学	True	21	统计数据工程专业人才创新能力评价研究	*	20	448
5	统计学	True	22	国际比较中的国家与区域链接问题研究	*	21	449
5	统计学	False	23	国家与地区治理能力指标体系深化研究		22	450
5	统计学	False	24	资金流量与存量核算方法及应用研究		23	451
5	统计学	False	25	深化潜在增长率测度研究		24	452
5	统计学	False	26	服务业产出和价格测度研究		25	453
5	统计学	False	27	多视角深化通货膨胀测度研究		26	454
5	统计学	False	28	我国经济高质量发展的测度与驱动因素研究		27	455
5	统计学	False	29	我国民营经济发展相关问题的统计研究		28	456
5	统计学	False	30	宏观经济政策效应的测度、比较与评价研究		29	457
5	统计学	False	31	知识分享的统计测度与核算研究		30	458
5	统计学	False	32	数字经济相关统计问题研究		31	459
5	统计学	False	33	国际比较统计方法与应用研究		32	460
5	统计学	False	34	民生福祉测度及其提升路径研究		33	461
5	统计学	False	35	我国人口生育政策调整的效应研究		34	462
5	统计学	False	36	产业统计国际准则与中国改革及其应用研究		35	463
5	统计学	False	37	无形资产测度研究		36	464
5	统计学	False	38	中国资产负债表的编制与应用研究		37	465
5	统计学	False	39	国际贸易统计方法及主要经济体贸易比较研究		38	466
5	统计学	False	40	知识型、技能型、创新型劳动力核算体系研究		39	467
5	统计学	False	41	我国收入分配统计的完善研究		40	468
5	统计学	False	42	贸易依存度、关税效应与经济增长路径研究		41	469
5	统计学	False	43	生活质量与幸福感测度研究		42	470
5	统计学	False	44	我国乡村振兴相关问题的统计研究		43	471
5	统计学	False	45	我国老龄化社会相关问题的统计研究		44	472
5	统计学	False	46	我国生态环境治理相关问题的统计研究		45	473
5	统计学	False	47	政府统计大数据应用研究		46	474
5	统计学	False	48	传统与非传统数据源的融合路径和综合应用研究		47	475
5	统计学	False	49	基于多源异构网络大数据的经济行为智能分析研究		48	476
5	统计学	False	50	就业质量的测度与评价研究		49	477
5	统计学	False	51	我国不同收入群体的统计界定与规模测算研究		50	478
5	统计学	False	52	大数据背景下的妇女流动研究		51	479
5	统计学	False	53	基于大数据的商业个体行为测度与景气监测研究		52	480
5	统计学	False	54	特征价格方法与应用深化研究		53	481
5	统计学	False	55	新经济形势下政府统计中的抽样理论方法与应用研究		54	482
5	统计学	False	56	基于网络大数据的群体智能信息安全评价研究		55	483
5	统计学	False	57	复杂数据在线监测与建模分析方法在社会经济中的应用研究		56	484
5	统计学	False	58	Meta模型的理论方法在社会经济大数据分析中的应用研究		57	485
5	统计学	False	59	大数据背景下随机抽样技术及统计推断方法研究		58	486
5	统计学	False	60	动态及多目标总体抽样方法与应用研究		59	487
5	统计学	False	61	混频数据建模方法在社会科学中的应用研究		60	488
5	统计学	False	62	大数据背景下统计新理论、新方法研究		61	489
6	政治学	True	1	习近平新时代中国特色社会主义思想对马克思主义国家学说的继承和发展研究	*	0	490
6	政治学	True	2	习近平新时代中国特色社会主义思想对马克思主义民主思想的继承和发展研究	*	1	491
6	政治学	True	3	习近平新时代中国特色社会主义思想对于马克思主义政党理论的继承和发展研究	*	2	492
6	政治学	True	4	中国特色社会主义政治学学科体系、学术体系和话语体系研究	*	3	493
6	政治学	True	5	中国特色社会主义政治学建设的基本学术命题、学术思想和学术观点研究	*	4	494
6	政治学	True	6	中国特色社会主义政治学新表述、新范畴、新概念研究	*	5	495
6	政治学	True	7	新时代党的政治建设目标、任务和路径研究	*	6	496
6	政治学	True	8	新时代完善地方党委和部门党组对重大工作的领导体制机制研究	*	7	497
6	政治学	True	9	新时代建立健全新型经济组织和社会组织中党的组织机构研究	*	8	498
6	政治学	True	10	新时代党领导政府的体制机制研究	*	9	499
6	政治学	True	11	新时代党领导人民代表大会的体制机制研究	*	10	500
6	政治学	True	12	新时代党领导人民政协的体制机制研究	*	11	501
6	政治学	True	13	新时代中国特色社会主义政治话语传播策略研究	*	12	502
6	政治学	True	14	新时代干部选拔体制与机制的改革和优化研究	*	13	503
6	政治学	True	15	新时代提升领导干部政治素质和治理能力的实证研究	*	14	504
6	政治学	True	16	新时代干部容错纠错机制研究	*	15	505
6	政治学	True	17	新时代基层公务员激励机制研究	*	16	506
6	政治学	True	18	新时代深化行政改革和全面转变政府职能研究	*	17	507
6	政治学	True	19	新时代国家机关事务管理效能研究	*	18	508
6	政治学	True	20	新时代完善优化党委和政府责任制度研究	*	19	509
6	政治学	True	21	新时代爱国统一战线的机制创新研究	*	20	510
6	政治学	True	22	新时代构建联系广泛服务群众的群团工作体系研究	*	21	511
6	政治学	True	23	新时代构建和完善地方监察体系研究	*	22	512
6	政治学	True	24	新时代政府信用建设与政府公共关系优化研究	*	23	513
6	政治学	True	25	新时代地方政府债务监管体制研究	*	24	514
6	政治学	True	26	新时代基层政治稳定与风险管控研究	*	25	515
6	政治学	True	27	新时代提升地方政府执行力的途径研究	*	26	516
6	政治学	True	28	新时代提升地方政府质量的制度和政策途径研究	*	27	517
6	政治学	True	29	新时代公务员行政伦理研究	*	28	518
6	政治学	True	30	新时代公务员工作满意度实证调查研究	*	29	519
6	政治学	True	31	新时代促进民营企业健康发展的党委和政府职能与政策研究	*	30	520
6	政治学	True	32	新时代中国特色超特大规模城市治理研究	*	31	521
6	政治学	True	33	新时代京津冀一体化建设的行政管理体制改革研究	*	32	522
6	政治学	True	34	新时代乡村振兴与精准扶贫战略协同推进研究	*	33	523
6	政治学	True	35	中国特色社会主义参政党政治建设的任务及路径研究	*	34	524
6	政治学	True	36	中国特色社会主义新型政党体制的法理和机理研究	*	35	525
6	政治学	True	37	中国特色社会主义新型政党制度的社会、文化和政治基础研究	*	36	526
6	政治学	True	38	党牢牢掌握意识形态工作领导权的体制机制研究	*	37	527
6	政治学	True	39	地方党委与部门党组落实全面从严治党的体制与机制研究	*	38	528
6	政治学	True	40	加强和完善人民代表大会的监督职能研究	*	39	529
6	政治学	True	41	党委、人大和政府法规文件备案审查体制机制比较研究	*	40	530
6	政治学	True	42	人民政协作为统一战线组织研究	*	41	531
6	政治学	True	43	人民政协作为实行多党合作和政治协商制度重要政治形式和组织形式研究	*	42	532
6	政治学	True	44	人民政协作为国家治理体系的重要组成部分研究	*	43	533
6	政治学	True	45	人民政协制度与外国政治制度比较研究	*	44	534
6	政治学	True	46	以党的政治建设优化党内政治生态的实现路径研究	*	45	535
6	政治学	True	47	提高党的依法执政本领研究	*	46	536
6	政治学	True	48	新时代妇联组织职能定位研究	*	47	537
6	政治学	True	49	财政税收体制改革背景下的中央与地方事权划分和协同运行研究	*	48	538
6	政治学	True	50	国家治理现代化背景下的国家机关事务管理改革研究	*	49	539
6	政治学	True	51	地方机构职能改革背景下的党政关系研究	*	50	540
6	政治学	True	52	大数据在权力监督实践中的作用机理与实现机制研究	*	51	541
6	政治学	True	53	互联网与政府公共关系优化研究	*	52	542
6	政治学	True	54	经济高质量发展背景下的政府绩效考核研究	*	53	543
6	政治学	True	55	政府促进新旧动能转换的职能及其实现机制研究	*	54	544
6	政治学	True	56	核心技术自主创新的政府职能与公共政策研究	*	55	545
6	政治学	True	57	完善地方政府执行政策方式研究	*	56	546
6	政治学	True	58	促进人才向基层流动的体制机制创新研究	*	57	547
6	政治学	True	59	保护知识产权的政府职能及其实现机制研究	*	58	548
6	政治学	True	60	党委和政府优化民营企业发展环境的职能及其实现机制研究	*	59	549
6	政治学	True	61	优化事业单位国有资产管理体制机制和政策研究	*	60	550
6	政治学	True	62	政府向社会力量购买公共服务的绩效评估和质量保障机制研究	*	61	551
6	政治学	True	63	扩大和保障劳动者民主管理权的体制机制和政策路径研究	*	62	552
6	政治学	True	64	基层党建促进基层治理机制创新研究	*	63	553
6	政治学	True	65	社会组织参与社会治理模式研究	*	64	554
6	政治学	True	66	基层协商民主的运行机制和制度化建设研究	*	65	555
6	政治学	True	67	实施粤港澳大湾区战略的政府合作协同体制机制研究	*	66	556
6	政治学	True	68	实施长三角一体化发展战略的行政体制优化研究	*	67	557
6	政治学	True	69	健全党组织领导下的自治法治德治相结合的乡村治理体系研究	*	68	558
6	政治学	True	70	农村土地流转过程中的政府职能及其实现机制研究	*	69	559
6	政治学	True	71	乡村振兴战略背景下加强和优化政府“三农”工作职能研究	*	70	560
6	政治学	True	72	乡村振兴战略背景下农村社区治理现代化研究	*	71	561
6	政治学	True	73	新型城镇化背景下妇女在乡村治理中的作用研究	*	72	562
6	政治学	True	74	当代中国国家认同建构的政治话语建设与创新路径研究	*	73	563
6	政治学	True	75	我国边疆民族地区长期政治稳定机制研究	*	74	564
6	政治学	True	76	多民族国家国民塑造的机制与经验研究	*	75	565
6	政治学	True	77	基本公共服务均等化与增强边疆民族地区政治认同的关系研究	*	76	566
6	政治学	True	78	民族地区公民参与地方治理的制度优化研究	*	77	567
6	政治学	True	79	构建党委领导下的多主体参与和多种手段相结合的综合治网格局研究	*	78	568
6	政治学	True	80	网络极端民族主义的风险防范研究	*	79	569
6	政治学	True	81	香港澳门助力国家全面开放的政策机制研究	*	80	570
6	政治学	True	82	香港澳门融入国家发展大局的政策机制研究	*	81	571
6	政治学	True	83	香港澳门参与国家治理实践的机制研究	*	82	572
6	政治学	True	84	台湾选举政治对于国家统一的影响研究	*	83	573
6	政治学	True	85	增强海外侨胞中华民族共同体认同的政治机制研究	*	84	574
6	政治学	True	86	不同政体模式与国家治理绩效比较研究	*	85	575
6	政治学	True	87	不同国家地方治理发展模式的比较研究	*	86	576
6	政治学	True	88	不同政治体制竞争性共存的战略与策略研究	*	87	577
6	政治学	True	89	西方政党体制面临的问题与挑战研究	*	88	578
6	政治学	True	90	当代美国政治发展演化研究	*	89	579
6	政治学	False	91	新时代国家政治安全理论研究		90	580
6	政治学	False	92	国家治理现代化的理论基础研究		91	581
6	政治学	False	93	中国特色社会主义政治体制的文明基础与历史根基研究		92	582
6	政治学	False	94	近百年中国政治学学科发展史研究		93	583
6	政治学	False	95	近百年中国政治思想史研究范式及方法反思		94	584
6	政治学	False	96	中国传统儒家政治意识形态的长期稳定与阶段调适研究		95	585
6	政治学	False	97	中国传统政治文化的价值结构与内在逻辑研究		96	586
6	政治学	False	98	中国政治决策案例库建设		97	587
6	政治学	False	99	中国公共决策模拟仿真系统建设		98	588
6	政治学	False	100	20世纪以来国家理论发展演变研究		99	589
6	政治学	False	101	政治制度主义理论和方法研究		100	590
6	政治学	False	102	当代政党和政党制度理论研究		101	591
6	政治学	False	103	当代代表理论和制度研究		102	592
6	政治学	False	104	现当代国家主权理论和实施机制研究		103	593
6	政治学	False	105	当代国家治理现代化理论研究		104	594
6	政治学	False	106	现实主义政治学与利益分析途径研究		105	595
6	政治学	False	107	行为主义政治学的哲学基础和方法研究		106	596
6	政治学	False	108	政治权力理论与分析路径研究		107	597
6	政治学	False	109	社会政治生活的公共利益和命运共同体的政治哲学研究		108	598
6	政治学	False	110	权利政治与公益政治的政治哲学比较分析		109	599
6	政治学	False	111	政治生态学理论与方法研究		110	600
6	政治学	False	112	政治社会学理论与方法研究		111	601
6	政治学	False	113	政治心理学理论与方法研究		112	602
6	政治学	False	114	地缘政治学理论与方法研究		113	603
6	政治学	False	115	比较政治学理论与方法研究		114	604
6	政治学	False	116	公共政策理论与方法研究		115	605
6	政治学	False	117	当代中国公共政策数据库建设		116	606
6	政治学	False	118	国家机关运行保障管理基础理论研究		117	607
6	政治学	False	119	中华优秀传统政治文化创造性转化研究		118	608
6	政治学	False	120	政治学研究方法研究		119	609
6	政治学	False	121	人工智能与政治科学发展相互关系研究		120	610
6	政治学	False	122	大数据与国家治理现代化相互关系研究		121	611
6	政治学	False	123	近代西方政治体制的文明基础研究		122	612
6	政治学	False	124	中西方政党制度比较研究		123	613
6	政治学	False	125	西方共和主义理论的当代演化研究		124	614
6	政治学	False	126	西方民粹主义思潮及其演变研究		125	615
6	政治学	False	127	西方新政治经济学理论和方法研究		126	616
7	法学	True	1	习近平总书记关于建设社会主义法治国家的重要论述研究	*	0	617
7	法学	True	2	中国特色社会主义法学学科体系、学术体系和话语体系研究	*	1	618
7	法学	True	3	新时代公法理论的创新与发展研究	*	2	619
7	法学	True	4	法治与社会文明关系研究	*	3	620
7	法学	True	5	网络强国的法治创新保障研究	*	4	621
7	法学	True	6	监察法的实施研究	*	5	622
7	法学	True	7	生态文明入宪研究	*	6	623
7	法学	True	8	完善与基本法实施相关的制度和机制研究	*	7	624
7	法学	True	9	机构改革与行政诉讼制度研究	*	8	625
7	法学	True	10	党内法规制定权限研究	*	9	626
7	法学	True	11	党内法规制定技术规范研究	*	10	627
7	法学	True	12	中国特色社会主义刑事诉讼体系要素研究	*	11	628
7	法学	True	13	预防性刑法问题研究	*	12	629
7	法学	True	14	人工智能的刑法问题研究	*	13	630
7	法学	True	15	危害生态环境犯罪研究	*	14	631
7	法学	True	16	司法体制综合配套改革研究	*	15	632
7	法学	True	17	刑法的社会性别分析研究	*	16	633
7	法学	True	18	民法典与民事诉讼法对接研究	*	17	634
7	法学	True	19	民事案件事实认定的规则与理论研究	*	18	635
7	法学	True	20	企业产权保护立法研究	*	19	636
7	法学	True	21	“守住不发生系统性金融风险的底线”背景下中国金融市场法律治理创新研究	*	20	637
7	法学	True	22	新领域、新业态创新成果知识产权保护研究	*	21	638
7	法学	True	23	信息革命的经济法问题研究	*	22	639
7	法学	True	24	经济法立法统合研究	*	23	640
7	法学	True	25	中国反垄断法的修订与完善研究	*	24	641
7	法学	True	26	风险防控的经济法理论研究	*	25	642
7	法学	True	27	人类命运共同体理念的制度化研究	*	26	643
7	法学	True	28	国际法话语的形成机制研究	*	27	644
7	法学	True	29	世界贸易组织改革研究	*	28	645
7	法学	True	30	法治与德治的一般原理研究	*	29	646
7	法学	False	31	新时代国家治理与法治建设研究		30	647
7	法学	False	32	软法在全面推进依法治国中的地位与作用研究		31	648
7	法学	False	33	地方立法理论与实践研究		32	649
7	法学	False	34	《资本论》中的法理研究		33	650
7	法学	False	35	基层社会治理与“枫桥经验”研究		34	651
7	法学	False	36	中国古代礼法关系演变研究		35	652
7	法学	False	37	中国古代治国安邦策论研究		36	653
7	法学	False	38	诸子百家对中国古代法的影响研究		37	654
7	法学	False	39	明清礼教法制研究		38	655
7	法学	False	40	民国时期重大案件案例研究		39	656
7	法学	False	41	2018年宪法修正案研究		40	657
7	法学	False	42	合宪性审查标准的中国化及体系化研究		41	658
7	法学	False	43	宪法与土地制度研究		42	659
7	法学	False	44	残障人权益保障制度研究		43	660
7	法学	False	45	“双随机、一公开”检查制度研究		44	661
7	法学	False	46	行政处罚法、行政许可法、行政强制法、行政复议法的修改研究		45	662
7	法学	False	47	政府信息公开缠讼问题研究		46	663
7	法学	False	48	政务处分法研究		47	664
7	法学	False	49	非法侵占海外国有资产犯罪研究		48	665
7	法学	False	50	海外投资渎职犯罪研究		49	666
7	法学	False	51	国际刑事司法协助的理论与实践研究		50	667
7	法学	False	52	严重违背科研诚信的刑法规制研究		51	668
7	法学	False	53	公民个人信息的刑法保护研究		52	669
7	法学	False	54	非法集资中的罪与非罪问题研究		53	670
7	法学	False	55	监察法实施中的证据问题研究		54	671
7	法学	False	56	刑事案件事实认定中的经验法则研究		55	672
7	法学	False	57	刑事诉讼法修改与律师制度改革研究		56	673
7	法学	False	58	刑事缺席审判制度研究		57	674
7	法学	False	59	司法改革与司法人员职业伦理研究		58	675
7	法学	False	60	司法改革成效评估方法及标准研究		59	676
7	法学	False	61	妇女法与妇女权益保障研究		60	677
7	法学	False	62	未成年人司法规律研究		61	678
7	法学	False	63	审判主管范围确定的理论与实践研究		62	679
7	法学	False	64	非判决裁决制度研究		63	680
7	法学	False	65	非讼程序体系研究		64	681
7	法学	False	66	民事强制执行立法研究		65	682
7	法学	False	67	民法典编纂背景下的法人行为与代理行为制度研究		66	683
7	法学	False	68	担保物权的新发展研究		67	684
7	法学	False	69	民法典视角下担保期间与诉讼时效衔接研究		68	685
7	法学	False	70	家事司法的价值、功能及其实现机制研究		69	686
7	法学	False	71	证券侵权纠纷解决创新机制研究		70	687
7	法学	False	72	公司双层股权结构的法律构造及监管变革研究		71	688
7	法学	False	73	公司法、证券法协同修改研究		72	689
7	法学	False	74	电子商务法实施问题研究		73	690
7	法学	False	75	创新社会治理背景下民间金融协同规制研究		74	691
7	法学	False	76	非标准金融商品类型法定研究		75	692
7	法学	False	77	编纂商事通则背景下商事主体体系化研究		76	693
7	法学	False	78	电子商务平台外卖食品安全法律问题研究		77	694
7	法学	False	79	智慧法院背景下类案同判的法理基础与现实路径研究		78	695
7	法学	False	80	专利无效宣告与知识产权法院体系建设研究		79	696
7	法学	False	81	注册商标使用问题研究		80	697
7	法学	False	82	作品构成要件研究		81	698
7	法学	False	83	现代市场体系建设的经济法问题研究		82	699
7	法学	False	84	降低制度性交易成本的市场监管改革法律问题研究		83	700
7	法学	False	85	我国养老保障法律问题研究		84	701
7	法学	False	86	农地征收中的社会保障法治研究		85	702
7	法学	False	87	中国社会法立法问题研究		86	703
7	法学	False	88	保护地立法体系与基本制度研究		87	704
7	法学	False	89	现代化经济体系建设的法律保障研究		88	705
7	法学	False	90	长江保护立法研究		89	706
7	法学	False	91	我国环境健康风险法律规制研究		90	707
7	法学	False	92	人类遗传资源法制保障研究		91	708
7	法学	False	93	新时代背景下绿色消费法律保障研究		92	709
7	法学	False	94	国际贸易法律制度碎片化的整合机制研究		93	710
7	法学	False	95	外事体制机制改革问题研究		94	711
7	法学	False	96	国际援助法制建设研究		95	712
7	法学	False	97	外国非法移民问题及其法律对策研究		96	713
7	法学	False	98	海外国有资产监督法制建设研究		97	714
7	法学	False	99	国际海洋法律秩序的变革与中国参与研究		98	715
7	法学	False	100	“一带一路”倡议下国际商事法庭构建研究		99	716
7	法学	False	101	国家官员的外国管辖豁免问题研究		100	717
8	社会学	True	1	习近平总书记关于精准扶贫脱贫的重要论述研究	*	0	718
8	社会学	True	2	中国特色社会主义社会学学科体系、学术体系和话语体系研究	*	1	719
8	社会学	True	3	新时代中国特色社会主义社会建设理论研究	*	2	720
8	社会学	True	4	新时代中国社会变迁与文化转型研究	*	3	721
8	社会学	True	5	新时代中国社会重大风险预警机制研究	*	4	722
8	社会学	True	6	新时代我国社会工作制度体系建设研究	*	5	723
8	社会学	True	7	新中国70年社会发展与社会变迁研究	*	6	724
8	社会学	True	8	新时代中国社会流动研究	*	7	725
8	社会学	True	9	中国近代“公益”观念的历史社会学研究	*	8	726
8	社会学	True	10	中国法律社会学的学术脉络与本土化理论构建研究	*	9	727
8	社会学	True	11	中国社会工作学科史研究	*	10	728
8	社会学	True	12	残障社会工作的本土实践与模式创新研究	*	11	729
8	社会学	True	13	生态环境保护与地方性知识的人类学研究	*	12	730
8	社会学	True	14	我国持证社会工作者的职业状况研究	*	13	731
8	社会学	True	15	职业教育促进社会流动作用研究	*	14	732
8	社会学	True	16	社会活力指数的测度及其实践应用研究	*	15	733
8	社会学	True	17	特大城市社会治理创新研究	*	16	734
8	社会学	True	18	改革开放以来工业企业社区变迁研究	*	17	735
8	社会学	True	19	中国产业政策制定、实施及其效果的经济社会学研究	*	18	736
8	社会学	True	20	大企业对社会结构的影响研究	*	19	737
8	社会学	True	21	“互联网+”对人们生活方式与健康影响研究	*	20	738
8	社会学	True	22	互联网金融的社会影响研究	*	21	739
8	社会学	True	23	智能化时代文化消费转型的社会学研究	*	22	740
8	社会学	True	24	大数据社会治理中的数据管理、运行与信息安全研究	*	23	741
8	社会学	True	25	社会治理创新前沿的服务型政府改革路径研究	*	24	742
8	社会学	True	26	区块链技术与社会信用体系建设研究	*	25	743
8	社会学	True	27	智能制造趋势下的劳动关系转型研究	*	26	744
8	社会学	True	28	区域发展与劳动关系比较研究	*	27	745
8	社会学	True	29	新时代城乡社区治理中的社会参与机制创新研究	*	28	746
8	社会学	True	30	平台类社会组织参与社区治理的路径选择研究	*	29	747
8	社会学	True	31	基层干部职业动力研究	*	30	748
8	社会学	True	32	基层社区舆情疏导的基本方式和效果研究	*	31	749
8	社会学	True	33	精准扶贫的成效评估与长效机制研究	*	32	750
8	社会学	True	34	易地搬迁农户的生计可持续发展模式与实现路径研究	*	33	751
8	社会学	True	35	乡村振兴战略背景下农村劳动力流动与治理研究	*	34	752
8	社会学	True	36	乡村振兴战略背景下流动人口的市民化选择研究	*	35	753
8	社会学	True	37	乡村振兴战略背景下少数民族非物质文化保护与政策响应研究	*	36	754
8	社会学	True	38	农村传统公共文化空间与乡村振兴研究	*	37	755
8	社会学	True	39	农村合作社参与社会治理的方式和路径研究	*	38	756
8	社会学	True	40	现代农业科技应用的社会过程研究	*	39	757
8	社会学	True	41	西南边疆少数民族地区乡村社会治理机制研究	*	40	758
8	社会学	True	42	性别视角下当代农村妇女婚育观现状调查研究	*	41	759
8	社会学	True	43	中国社会养老服务资源配置研究	*	42	760
8	社会学	True	44	中国长期照护保险建设模式与实践路径研究	*	43	761
8	社会学	True	45	积极老龄化视域下的老年人力资源再开发研究	*	44	762
8	社会学	True	46	老年人婚姻社会学研究	*	45	763
8	社会学	True	47	城市流动老年人口生存状态与社会支持研究	*	46	764
8	社会学	True	48	农村失能、半失能老人居家养老的社会支持研究	*	47	765
8	社会学	True	49	乡村老年协会与互助养老研究	*	48	766
8	社会学	True	50	90后大学生国家认同研究	*	49	767
8	社会学	True	51	财产不平等与青年人的结婚意愿研究	*	50	768
8	社会学	True	52	全面二孩政策背景下女性职业变动研究	*	51	769
8	社会学	True	53	青年就业创业保障政策体系研究	*	52	770
8	社会学	True	54	“工作虚拟化”的劳动社会学研究	*	53	771
8	社会学	True	55	新时代志愿服务体系与志愿服务能力研究	*	54	772
8	社会学	True	56	司法社会工作在未成年人权益保障中的作用研究	*	55	773
8	社会学	True	57	农村留守儿童多重伤害风险预警与干预机制研究	*	56	774
8	社会学	True	58	我国孤儿的社会支持、社会扶助体系研究	*	57	775
8	社会学	True	59	中西比较视野下的家国关系研究	*	58	776
8	社会学	True	60	大城市来华外国人融入模式及对策研究	*	59	777
8	社会学	True	61	外籍人口跨境务工与社会治理创新研究	*	60	778
8	社会学	False	62	新时代背景下新社会阶层的身份认同研究		61	779
8	社会学	False	63	新时代人民群众获得感的测量与评估研究		62	780
8	社会学	False	64	新时代社会情绪与社会治理研究		63	781
8	社会学	False	65	中国现代化理论与实践的新探索研究		64	782
8	社会学	False	66	全面建成小康社会后社会政策持续发展的基本方向和主要议题研究		65	783
8	社会学	False	67	2020年后反贫困及相关议题研究		66	784
8	社会学	False	68	全球化与中国社会结构变迁研究		67	785
8	社会学	False	69	我国社会工作核心能力体系研究		68	786
8	社会学	False	70	治理能力现代化背景下社会信用体系建设研究		69	787
8	社会学	False	71	健康中国战略背景下健康平等问题研究		70	788
8	社会学	False	72	消费升级的社会学研究		71	789
8	社会学	False	73	绿色生活方式的理论与实证研究		72	790
8	社会学	False	74	当代家庭伦理变迁研究		73	791
8	社会学	False	75	当前我国信仰状况的社会学研究		74	792
8	社会学	False	76	“一带一路”沿线国家的共享价值观研究		75	793
8	社会学	False	77	国内外劳务移民社会治理比较研究		76	794
8	社会学	False	78	海洋强国建设的社会学研究		77	795
8	社会学	False	79	中等收入群体的生存压力与社会信心研究		78	796
8	社会学	False	80	新中国成立以来生产体制变迁的社会学研究		79	797
8	社会学	False	81	本土化社会学基本理论建构研究		80	798
8	社会学	False	82	大数据与社会研究方法创新研究		81	799
8	社会学	False	83	发展社会学视角下的智能社会研究		82	800
8	社会学	False	84	财政社会学的历史、理论与经验研究		83	801
8	社会学	False	85	社会工作学科的研究对象和知识体系研究		84	802
8	社会学	False	86	社会学研究中的学术伦理与学术规范研究		85	803
8	社会学	False	87	逆城市化的社会学研究		86	804
8	社会学	False	88	特大城市外籍长住人口研究		87	805
8	社会学	False	89	乡村振兴战略背景下农村社会组织发展研究		88	806
8	社会学	False	90	乡村人居环境的社会学研究		89	807
8	社会学	False	91	返乡创业人员的创业生态与发展状况研究		90	808
8	社会学	False	92	网络安全及社会治理创新研究		91	809
8	社会学	False	93	大数据时代网络社会思潮、社群结构及演进规律研究		92	810
8	社会学	False	94	网络社群的认同机制及治理策略研究		93	811
8	社会学	False	95	大数据在犯罪治理中的应用研究		94	812
8	社会学	False	96	基层党建与社区治理研究		95	813
8	社会学	False	97	社会工作参与脱贫攻坚研究		96	814
8	社会学	False	98	中国妇女脱贫路径与实践经验研究		97	815
8	社会学	False	99	独生子女家庭的风险与社会支持研究		98	816
8	社会学	False	100	金砖国家中等收入群体与社会结构变迁比较研究		99	817
9	人口学	True	1	中国人口发展的回旋空间及其作用研究	*	0	818
9	人口学	True	2	中国人口红利转型与实现机制研究	*	1	819
9	人口学	True	3	人口普查内容与调查方法研究	*	2	820
9	人口学	True	4	产业转型升级中流动人口失业状况、影响因素与应对政策研究	*	3	821
9	人口学	True	5	县域经济发展与人口流动研究	*	4	822
9	人口学	True	6	乡村振兴与人口流动研究	*	5	823
9	人口学	True	7	中国家庭结构转变与消费变动研究	*	6	824
9	人口学	True	8	家庭结构变迁与家庭发展支持研究	*	7	825
9	人口学	True	9	家庭友好型社会构建与推进研究	*	8	826
9	人口学	True	10	新时期生育友好型社会构建研究	*	9	827
9	人口学	True	11	居家养老模式的国际经验研究	*	10	828
9	人口学	True	12	智慧养老及其趋势研究	*	11	829
9	人口学	True	13	贫困地区老年人口生活状况与保障路径研究	*	12	830
9	人口学	True	14	城市空巢家庭老年人口生存状况研究	*	13	831
9	人口学	True	15	民族地区生育水平变化趋势及影响因素研究	*	14	832
9	人口学	True	16	国际生育转变的影响因素对中国未来生育水平的启示研究	*	15	833
9	人口学	True	17	新经济业态对劳动力需求与供给的影响研究	*	16	834
9	人口学	True	18	东北地区人口流动与经济发展协同演化机制研究	*	17	835
9	人口学	True	19	“三区三州”深度贫困地区精准扶贫与人口发展研究	*	18	836
9	人口学	True	20	老年人口的健康状况转移与未来健康需求研究	*	19	837
9	人口学	False	21	马克思主义人口理论与中国人口发展道路研究		20	838
9	人口学	False	22	我国人口发展战略研究		21	839
9	人口学	False	23	人口与资源环境可持续发展研究		22	840
9	人口学	False	24	特大城市人口问题研究		23	841
9	人口学	False	25	中国计划生育政策发展研究		24	842
9	人口学	False	26	中国生育变化及影响因素研究		25	843
9	人口学	False	27	中国人口死亡变化及影响因素研究		26	844
9	人口学	False	28	中国人口的空间分布研究		27	845
9	人口学	False	29	中国人口迁移流动研究		28	846
9	人口学	False	30	中国人口性别失衡问题研究		29	847
9	人口学	False	31	大数据与人口学研究的新方法		30	848
9	人口学	False	32	人口年龄结构变动与经济增长研究		31	849
9	人口学	False	33	城乡老年人养老需求与供给研究		32	850
9	人口学	False	34	农民工养老问题研究		33	851
9	人口学	False	35	老年人口健康问题与对策研究		34	852
9	人口学	False	36	边疆地区人口发展研究		35	853
10	民族学	True	1	习近平总书记关于民族团结与铸牢中华民族共同体意识的重要论述研究	*	0	854
10	民族学	True	2	习近平总书记关于中华文化认同与各民族共有精神家园的重要论述研究	*	1	855
10	民族学	True	3	习近平总书记关于坚持和完善民族区域自治制度的重要论述研究	*	2	856
10	民族学	True	4	习近平总书记关于边疆治理与稳定的重要论述研究	*	3	857
10	民族学	True	5	中国特色社会主义民族理论研究	*	4	858
10	民族学	True	6	马克思主义民族理论在中国的早期传播和影响研究	*	5	859
10	民族学	True	7	新中国70年民族工作发展史研究	*	6	860
10	民族学	True	8	新中国70年中华民族共同体建设历程研究	*	7	861
10	民族学	True	9	新中国70年少数民族妇女发展研究	*	8	862
10	民族学	True	10	铸牢中华民族共同体意识的基本要素研究	*	9	863
10	民族学	False	11	新时代贯彻落实民族区域自治法研究		10	864
10	民族学	False	12	我国多民族优势和发展的有利条件研究		11	865
10	民族学	False	13	中华民族共同体建设的地方经验及其比较研究		12	866
10	民族学	False	14	中国多民族文化汇聚的中华文化升华研究		13	867
10	民族学	False	15	中国特色民族团结进步事业的指标体系研究		14	868
10	民族学	False	16	生态文明建设与筑牢民族地区生态屏障研究		15	869
10	民族学	False	17	改革开放40年民族地区立法实践研究		16	870
10	民族学	False	18	改革开放40年民族地区特色经济发展研究		17	871
10	民族学	False	19	改革开放40年民族地区文化建设研究		18	872
10	民族学	False	20	改革开放40年民族地区生态环境保护研究		19	873
10	民族学	False	21	改革开放40年民族地区少数民族干部队伍成长研究		20	874
10	民族学	False	22	改革开放40年民族地区少数民族专业技术人才培养研究		21	875
10	民族学	False	23	改革开放40年民族地区普通话推广研究		22	876
10	民族学	False	24	改革开放40年民族地区双语教育研究		23	877
10	民族学	False	25	改革开放40年少数民族地区语文使用研究		24	878
10	民族学	False	26	改革开放40年民族地区城镇化研究		25	879
10	民族学	False	27	改革开放40年民族地区减贫事业研究		26	880
10	民族学	False	28	改革开放以来西部地区对国家建设的贡献研究		27	881
10	民族学	False	29	改革开放以来东部对口支援西部的政策实践研究		28	882
10	民族学	False	30	改革开放以来国家民族政策的调整和完善研究		29	883
10	民族学	False	31	改革开放以来少数民族非物质文化遗产保护与传承研究		30	884
10	民族学	False	32	改革开放以来少数民族特需产品供给体制研究		31	885
10	民族学	False	33	改革开放以来少数民族传统医药的发展研究		32	886
10	民族学	False	34	改革开放以来全国各民族人口分布变迁研究（基于普查、抽样数据）		33	887
10	民族学	False	35	中国共产党巩固边疆发展边疆的奋斗历程和基本经验研究		34	888
10	民族学	False	36	宁夏回族自治区60年的民族团结进步事业研究		35	889
10	民族学	False	37	广西壮族自治区60年的民族团结进步事业研究		36	890
10	民族学	False	38	内蒙古自治区各民族守望相助的经验研究		37	891
10	民族学	False	39	新疆维吾尔自治区“访惠聚”与民生改善研究		38	892
10	民族学	False	40	西藏民主改革60年的经济发展与社会进步研究		39	893
10	民族学	False	41	西藏民主改革60年的民生改善与人权保障研究		40	894
10	民族学	False	42	民族区域自治地方全面建成小康社会的典型案例研究		41	895
10	民族学	False	43	“三区三州”脱贫攻坚的政策实践案例调查研究		42	896
10	民族学	False	44	少数民族地区脱贫致富进程中的传统观念转型调查研究		43	897
10	民族学	False	45	少数民族特困地区精准扶贫的社会工作介入机制研究		44	898
10	民族学	False	46	乡村振兴与少数民族农牧民主体地位的实现路径研究		45	899
10	民族学	False	47	农村（牧区）乡村振兴的少数民族文化特色研究		46	900
10	民族学	False	48	农村（牧区）乡风文明建设中的传统文化价值观研究		47	901
10	民族学	False	49	乡村振兴战略下少数民族传统民居的保护与传承研究		48	902
10	民族学	False	50	传统牧区的乡村振兴路径、模式和效果调查研究		49	903
10	民族学	False	51	民族地区“村改居”的基层社会组织转型与建设研究		50	904
10	民族学	False	52	各民族民俗文化在乡村振兴中的价值及其创新转化研究		51	905
10	民族学	False	53	台湾少数民族村落现代“社区营造”的经验研究		52	906
10	民族学	False	54	各民族宗教信仰与风俗习惯的关系研究		53	907
10	民族学	False	55	多民族散杂居地区共建共治共享的社会治理创新经验研究		54	908
10	民族学	False	56	中国古代民族史志研究		55	909
10	民族学	False	57	中国古代民族交往交流交融史研究（断代、区域）		56	910
10	民族学	False	58	中国少数民族历史文献、档案收集整理研究（按文种、专题）		57	911
10	民族学	False	59	党在延安时期民族工作的理论与实践研究		58	912
10	民族学	False	60	全国民族团结进步示范州（地、市、盟）个案调查研究		59	913
10	民族学	False	61	20世纪上半叶边疆民族调查的历史民族学研究		60	914
10	民族学	False	62	20世纪50年代少数民族社会历史调查的学术贡献研究		61	915
10	民族学	False	63	新中国70年民族学学科建设研究		62	916
10	民族学	False	64	新中国70年民族史学科建设研究		63	917
10	民族学	False	65	新中国少数民族参观团的历史意义与现实功能研究		64	918
10	民族学	False	66	海峡两岸交流中的台湾少数民族代表团研究		65	919
10	民族学	False	67	中华文化认同在港澳地区的历史基质与现实发展研究		66	920
10	民族学	False	68	“一带一路”建设与边民互动的民心相通研究（分国别或区域）		67	921
10	民族学	False	69	“一带一路”建设中的周边国家民族志研究（分国别或区域）		68	922
10	民族学	False	70	“一带一路”建设与边疆少数民族多语种优势研究		69	923
10	民族学	False	71	“一带一路”建设与民族地区开放研究		70	924
10	民族学	False	72	“兴边富民”与毗邻国家边疆发展政策比较研究（分国别或区域）		71	925
10	民族学	False	73	当代西方国家民族分离主义运动研究（分国别或地区）		72	926
10	民族学	False	74	当代西方国家民粹主义与民族主义研究（综合或分国别）		73	927
11	国际问题研究	True	1	习近平新时代中国特色社会主义外交思想研究	*	0	928
11	国际问题研究	True	2	习近平新时代中国特色社会主义思想的国际影响研究	*	1	929
11	国际问题研究	True	3	习近平生态文明思想与“人类命运共同体”视阈下应对全球气候变化研究	*	2	930
11	国际问题研究	True	4	中国特色社会主义外交思想体系、理论体系、概念体系和话语体系研究	*	3	931
11	国际问题研究	True	5	中国实现“两个一百年”奋斗目标的国际战略环境研究	*	4	932
11	国际问题研究	True	6	马克思主义国际关系理论研究	*	5	933
11	国际问题研究	True	7	坚持和发展21世纪马克思主义研究	*	6	934
11	国际问题研究	True	8	新形势下马克思主义关于战争与和平思想研究	*	7	935
11	国际问题研究	True	9	新形势下列宁帝国主义论研究	*	8	936
11	国际问题研究	True	10	新形势下毛泽东“三个世界划分”理论当代意义研究	*	9	937
11	国际问题研究	True	11	新时代网络空间国家安全与“人类命运共同体”构建研究	*	10	938
11	国际问题研究	True	12	国际共同责任与“人类命运共同体”构建研究	*	11	939
11	国际问题研究	True	13	“一带一路”倡议与全球治理创新研究	*	12	940
11	国际问题研究	True	14	中国理念、中国方案与“一带一路”相关国家发展理念、发展战略对接研究	*	13	941
11	国际问题研究	True	15	人民币国际化与“一带一路”建设研究	*	14	942
11	国际问题研究	True	16	世界大发展、大变革、大调整的时代特征与发展大趋势研究	*	15	943
11	国际问题研究	True	17	世界面临的不稳定性不确定性问题研究	*	16	944
11	国际问题研究	True	18	新形势下中美俄关系研究	*	17	945
11	国际问题研究	True	19	新形势下中俄互为全面战略协作伙伴关系研究	*	18	946
11	国际问题研究	True	20	俄罗斯北方海航道开发历史档案文献收集与中俄北极合作研究	*	19	947
11	国际问题研究	True	21	中美关系定位及趋势研究	*	20	948
11	国际问题研究	True	22	中国拉美命运共同体研究	*	21	949
11	国际问题研究	True	23	中非合作论坛与中非命运共同体研究	*	22	950
11	国际问题研究	True	24	苏东剧变前后（含原苏联、东欧八国）主要资料汇集研究	*	23	951
11	国际问题研究	True	25	非执政的各国共产党现状及发展趋势研究	*	24	952
11	国际问题研究	True	26	当今世界发达国家、发展中国家左翼与社会主义思潮跟踪研究	*	25	953
11	国际问题研究	True	27	美国政治体系及运行机制研究	*	26	954
11	国际问题研究	True	28	美国联邦储备委员会及其运行机制研究	*	27	955
11	国际问题研究	True	29	美国国内和国际舆论引导机制研究	*	28	956
11	国际问题研究	True	30	美国战略思想家研究	*	29	957
11	国际问题研究	True	31	共济会的历史沿革、现状及作用研究	*	30	958
11	国际问题研究	True	32	转基因作物全球种植情况及影响调查研究	*	31	959
11	国际问题研究	False	33	全球治理变革的未来与中国的应对研究		32	960
11	国际问题研究	False	34	全球治理中的公平正义与“人类命运共同体”研究		33	961
11	国际问题研究	False	35	中国古代周边治理经验和教训研究		34	962
11	国际问题研究	False	36	构建“人类命运共同体”背景下的国际组织与国际平台研究		35	963
11	国际问题研究	False	37	大国战略竞争与中国发展战略和策略研究		36	964
11	国际问题研究	False	38	中国共产党处理中国同周边国家、大国、发展中国家的关系问题研究（分专题）		37	965
11	国际问题研究	False	39	中国共产党处理中国同联合国等国际组织关系问题研究		38	966
11	国际问题研究	False	40	中国共产党在国际上处理和发展党际关系的历史经验研究		39	967
11	国际问题研究	False	41	“一带一路”背景下中国国家形象建构与传播研究		40	968
11	国际问题研究	False	42	“一带一路”文化与人类学田野调查与研究		41	969
11	国际问题研究	False	43	“一带一路”相关国家债务可持续性相关问题研究		42	970
11	国际问题研究	False	44	“一带一路”沿线国家综合研究和国别研究		43	971
11	国际问题研究	False	45	新时代中美矛盾的本质和特征研究		44	972
11	国际问题研究	False	46	中俄国际治理观比较研究		45	973
11	国际问题研究	False	47	美国保守主义的政治秩序理论研究		46	974
11	国际问题研究	False	48	美国主要智库及其运行机制研究		47	975
11	国际问题研究	False	49	美国能源革命及其能源战略研究		48	976
11	国际问题研究	False	50	美国国会涉华议案综合研究		49	977
11	国际问题研究	False	51	后“美国世纪”的世界体系演化研究		50	978
11	国际问题研究	False	52	“美国优先论”及对国际格局的影响研究		51	979
11	国际问题研究	False	53	世界去美元化发展趋势研究		52	980
11	国际问题研究	False	54	欧美扩张政策及对边缘国家的控制研究		53	981
11	国际问题研究	False	55	中老、中缅经济走廊研究（分国别）		54	982
11	国际问题研究	False	56	中尼印经济走廊倡议研究		55	983
11	国际问题研究	False	57	中印经济合作研究		56	984
11	国际问题研究	False	58	中日韩三国合作相关问题研究		57	985
11	国际问题研究	False	59	朝鲜半岛形势发展新趋势研究		58	986
11	国际问题研究	False	60	阿富汗及其地位研究		59	987
11	国际问题研究	False	61	越南、古巴、朝鲜、老挝党的建设研究（分国别）		60	988
11	国际问题研究	False	62	国际组织相关问题研究（包括政府间组织和非政府间组织）		61	989
11	国际问题研究	False	63	凝聚世界维护和平力量、切实阻止较大战争爆发相关问题研究		62	990
11	国际问题研究	False	64	国际政治中的民主与民粹思潮研究		63	991
11	国际问题研究	False	65	全球正义视域中的经济全球化与逆全球化研究		64	992
11	国际问题研究	False	66	全球化与国家转型相关问题研究		65	993
11	国际问题研究	False	67	全球科技创新、科技革命和产业变革与国际关系研究		66	994
11	国际问题研究	False	68	政党外交与国际关系相关问题研究		67	995
11	国际问题研究	False	69	在新型国际关系建构过程中非西方国家特别是中国的地位与作用研究		68	996
11	国际问题研究	False	70	和平共处五项原则与建设相互尊重、公平正义、合作共赢的新型国际关系研究		69	997
11	国际问题研究	False	71	共商共建共享原则与零和游戏规则的本质区别及实现途径研究		70	998
11	国际问题研究	False	72	互利合作共赢与开展伟大斗争的辩证统一关系研究		71	999
11	国际问题研究	False	73	世界贸易秩序的重建和WTO的改革相关问题研究		72	1000
11	国际问题研究	False	74	单边主义与全球贸易体制、区域贸易体制、双边自由贸易协定相关问题研究		73	1001
11	国际问题研究	False	75	应对贸易摩擦的战略策略研究		74	1002
11	国际问题研究	False	76	国际经济关系中不平等现象的成因及其影响研究		75	1003
11	国际问题研究	False	77	数字贸易和全球数字经济规则研究		76	1004
11	国际问题研究	False	78	国际经济金融制裁与反制裁效果研究		77	1005
11	国际问题研究	False	79	网络信息安全与国际关系相关问题研究		78	1006
11	国际问题研究	False	80	我国与周边国家跨境河流合作研究		79	1007
11	国际问题研究	False	81	国际能源、森林资源和淡水资源合作相关问题研究		80	1008
11	国际问题研究	False	82	国际太空外交与外层空间事务研究		81	1009
11	国际问题研究	False	83	国际海底区域环境保护主要法律问题研究		82	1010
11	国际问题研究	False	84	国际救援组织相关问题研究		83	1011
11	国际问题研究	False	85	应对恐怖主义、分裂主义和极端主义国际合作相关问题研究		84	1012
11	国际问题研究	False	86	十六世纪以来世界体系的生成与变迁研究		85	1013
11	国际问题研究	False	87	世界多极化趋势相关问题研究		86	1014
11	国际问题研究	False	88	帝国概念、谱系与帝国主义研究		87	1015
11	国际问题研究	False	89	金融资本统制时代国际生产链的演变研究		88	1016
11	国际问题研究	False	90	福利国家的社会改革及其发展趋势研究		89	1017
11	国际问题研究	False	91	极右翼派别的政纲比较研究		90	1018
11	国际问题研究	False	92	“颜色革命”相关问题研究		91	1019
12	中国历史	True	1	习近平总书记关于学习历史的重要论述与治国理政关系研究	*	0	1020
12	中国历史	True	2	马克思主义史学学科体系、学术体系、话语体系研究	*	1	1021
12	中国历史	True	3	马克思主义与中国道路选择研究	*	2	1022
12	中国历史	True	4	马克思主义社会形态理论与中国历史发展进程研究	*	3	1023
12	中国历史	True	5	马克思主义史学发展史研究	*	4	1024
12	中国历史	True	6	马克思主义史学大师学术思想研究	*	5	1025
12	中国历史	True	7	中国特色社会主义与中华优秀传统文化研究	*	6	1026
12	中国历史	False	8	中国文明起源、形成与发展机制研究		7	1027
12	中国历史	False	9	中华人民共和国70年史研究		8	1028
12	中国历史	False	10	新中国70年的政治发展道路及其历史经验研究		9	1029
12	中国历史	False	11	新中国70年文化建设历史文献的整理和研究		10	1030
12	中国历史	False	12	新中国外交理论与国际关系研究		11	1031
12	中国历史	False	13	中国人民政治协商会议历史研究		12	1032
12	中国历史	False	14	中华民族观念的形成与各民族交往交融史研究		13	1033
12	中国历史	False	15	中华优秀传统文化的传承及核心价值研究		14	1034
12	中国历史	False	16	中国古代民族走廊形成与民族多元发展研究		15	1035
12	中国历史	False	17	历代国家的核心决策机构及其决策体制研究		16	1036
12	中国历史	False	18	我国历代国家监察体制研究		17	1037
12	中国历史	False	19	中国古代边疆治理体系研究		18	1038
12	中国历史	False	20	历代中央政府对新疆、西藏的治理研究		19	1039
12	中国历史	False	21	历代王朝对西南民族地区的治理研究		20	1040
12	中国历史	False	22	历代史学家年谱、传记编纂研究		21	1041
12	中国历史	False	23	我国历代吏治的历史经验与教训研究		22	1042
12	中国历史	False	24	历代吏员制度研究		23	1043
12	中国历史	False	25	我国历代科举作弊与惩治制度研究		24	1044
12	中国历史	False	26	我国历代经略海洋研究		25	1045
12	中国历史	False	27	我国历代海域港口和交通线（包括航线）研究		26	1046
12	中国历史	False	28	吐蕃文献整理与社会经济研究		27	1047
12	中国历史	False	29	丝绸之路沿线历史遗存（包括岩画、碑刻、墓葬、村落遗址等）整理与研究		28	1048
12	中国历史	False	30	历代帝王神话研究		29	1049
12	中国历史	False	31	中国历代望族文化研究		30	1050
12	中国历史	False	32	中国乡村慈善史研究		31	1051
12	中国历史	False	33	西北出土文献中的水资料整理与研究		32	1052
12	中国历史	False	34	汉唐时期生态环境演变研究		33	1053
12	中国历史	False	35	南海渔民渔业开发史研究		34	1054
12	中国历史	False	36	宋代的汉唐观与国家认同研究		35	1055
12	中国历史	False	37	生产力发展与“唐宋中国社会变革”研究		36	1056
12	中国历史	False	38	汉唐至明清时期的城市与乡村研究		37	1057
12	中国历史	False	39	明清州县体制与日常治理研究		38	1058
12	中国历史	False	40	明清时期长江舆图整理与研究		39	1059
12	中国历史	False	41	明清之际思想文化转型研究		40	1060
12	中国历史	False	42	明清宗藩体制演变研究		41	1061
12	中国历史	False	43	清代边防行政管理与东北边疆治理研究		42	1062
12	中国历史	False	44	清代债务命案研究		43	1063
12	中国历史	False	45	科举考试与晚清学术思想嬗变研究		44	1064
12	中国历史	False	46	清代台湾开发进程与台湾社会变迁研究		45	1065
12	中国历史	False	47	国外有关中国享有南海主权文献资料记载及其国际法效力研究		46	1066
12	中国历史	False	48	近代中国工业化过程中的区域历史地理学研究		47	1067
12	中国历史	False	49	中国近代经济区域联动研究		48	1068
12	中国历史	False	50	近现代黄土高原水土保持途径研究		49	1069
12	中国历史	False	51	近代长江中下游地区生态环境与水利事业研究		50	1070
12	中国历史	False	52	“旧海关史料”与中国近代对外贸易研究		51	1071
12	中国历史	False	53	报刊舆论与清末政局研究		52	1072
12	中国历史	False	54	清代至民国时期青海藏族部落与地方社会研究		53	1073
12	中国历史	False	55	近代中国人思想观念的演变研究		54	1074
12	中国历史	False	56	段祺瑞临时执政府文献搜集、整理与研究（1924-1926）		55	1075
12	中国历史	False	57	国民政府时期基层司法建设与社会治理研究		56	1076
12	中国历史	False	58	近代中国城市影像史研究		57	1077
12	中国历史	False	59	近代城市苦力行业与群体研究		58	1078
12	中国历史	False	60	20世纪以来中国农民工的市民化问题研究		59	1079
12	中国历史	False	61	20世纪中叶以来城市社会治理研究		60	1080
12	中国历史	False	62	中国军民抗战图文资料整理研究		61	1081
12	中国历史	False	63	国共两党历史书写比较研究		62	1082
12	中国历史	False	64	中国少数民族妇女手工艺发展史研究		63	1083
12	中国历史	False	65	不同历史时期各大河流域区域文化交流研究		64	1084
13	世界历史	True	1	“一带一路”沿线区域国别史研究	*	0	1085
13	世界历史	True	2	“一带一路”与中日关系研究	*	1	1086
13	世界历史	True	3	丝绸之路文物文献调查与整理	*	2	1087
13	世界历史	True	4	20世纪以来科技革命与世界历史发展研究	*	3	1088
13	世界历史	True	5	民粹主义的历史研究	*	4	1089
13	世界历史	True	6	20世纪关税与贸易冲突研究	*	5	1090
13	世界历史	True	7	近代以来各国历史教学比较研究	*	6	1091
13	世界历史	False	8	马克思世界历史理论研究		7	1092
13	世界历史	False	9	世界历史进程中的重大理论问题研究		8	1093
13	世界历史	False	10	命运共同体视域下的中国与周边国家关系史研究		9	1094
13	世界历史	False	11	世界史前史研究		10	1095
13	世界历史	False	12	世界古代文明的起源与比较研究		11	1096
13	世界历史	False	13	近代以来的世界历史和人类命运共同体研究		12	1097
13	世界历史	False	14	亚非拉美国家的史学理论与史学史研究		13	1098
13	世界历史	False	15	东北亚民族、文化与思想史研究		14	1099
13	世界历史	False	16	20世纪重要的社会思潮研究		15	1100
13	世界历史	False	17	华侨史资料汇编		16	1101
13	世界历史	False	18	古代西方政体研究		17	1102
13	世界历史	False	19	亚非拉民族解放运动研究		18	1103
13	世界历史	False	20	美国历史上的移民和族裔问题研究		19	1104
13	世界历史	False	21	殖民史研究		20	1105
13	世界历史	False	22	移民史研究		21	1106
13	世界历史	False	23	第一次世界大战史专题研究		22	1107
13	世界历史	False	24	国际关系史专题研究		23	1108
13	世界历史	False	25	冷战史专题研究		24	1109
13	世界历史	False	26	国际共运史重大问题研究		25	1110
13	世界历史	False	27	中东欧史专题研究		26	1111
13	世界历史	False	28	非洲史专题研究		27	1112
13	世界历史	False	29	南亚史专题研究		28	1113
13	世界历史	False	30	生态环境与社会发展研究		29	1114
14	考古学	True	1	新时代文化遗产保护、利用的新理念、新方法研究	*	0	1115
14	考古学	True	2	重要考古遗址、墓地发掘资料的整理与研究	*	1	1116
14	考古学	True	3	区域文化、文明兴衰的原因、机制研究	*	2	1117
14	考古学	True	4	国家遗址公园保护利用现状分析及其对策研究	*	3	1118
14	考古学	True	5	夏商周时期各地区考古学文化及其相互关系研究	*	4	1119
14	考古学	True	6	我国的世界文化遗产地保护现状分析	*	5	1120
14	考古学	True	7	考古学研究和文物保护中的新技术、新方法应用	*	6	1121
14	考古学	True	8	“一带一路”古代文化交流的考古学研究	*	7	1122
14	考古学	True	9	中国博物馆发展现状与对策研究	*	8	1123
14	考古学	True	10	高校考古文博专业教育状况分析	*	9	1124
14	考古学	True	11	高校文博专业教材编撰	*	10	1125
14	考古学	True	12	历史类、考古类博物馆展陈的新方式、新技术、新手段研究	*	11	1126
14	考古学	False	13	考古学理论研究		12	1127
14	考古学	False	14	考古学史研究		13	1128
14	考古学	False	15	东亚地区人类起源的考古学研究		14	1129
14	考古学	False	16	旧、新石器时代过渡时期遗存研究		15	1130
14	考古学	False	17	中华文明起源、形成过程及其原因机制研究		16	1131
14	考古学	False	18	新石器时代聚落研究		17	1132
14	考古学	False	19	新石器至夏商周时期考古学文化谱系研究		18	1133
14	考古学	False	20	各地区文明化进程研究		19	1134
14	考古学	False	21	古代人与环境关系研究		20	1135
14	考古学	False	22	古代城市的考古学研究		21	1136
14	考古学	False	23	古代墓葬的考古学研究		22	1137
14	考古学	False	24	古代农业的考古学研究		23	1138
14	考古学	False	25	古代手工业的考古学研究		24	1139
14	考古学	False	26	反映古代宇宙观与各时期宗教信仰遗存的考古学研究		25	1140
14	考古学	False	27	古代艺术的考古学研究		26	1141
14	考古学	False	28	古代民族的考古学研究		27	1142
14	考古学	False	29	边疆考古学研究		28	1143
14	考古学	False	30	各区域间文化交流与互动关系研究		29	1144
14	考古学	False	31	古代中外文化交流研究		30	1145
14	考古学	False	32	外国考古学研究		31	1146
14	考古学	False	33	世界其他古代文明研究		32	1147
14	考古学	False	34	中外古代文明比较研究		33	1148
15	宗教学	True	1	习近平新时代中国特色社会主义思想与我国宗教工作研究	*	0	1149
15	宗教学	True	2	中国特色社会主义宗教理论研究	*	1	1150
15	宗教学	True	3	马克思主义宗教观与中国特色宗教学体系建构研究	*	2	1151
15	宗教学	True	4	马克思主义无神论思想中国化研究	*	3	1152
15	宗教学	True	5	全面贯彻落实党和国家宗教工作基本方针及相关问题研究	*	4	1153
15	宗教学	True	6	中国共产党统一战线工作中有关宗教问题的理论与实践研究	*	5	1154
15	宗教学	True	7	多民族融合视域下中国宗教的理论和现实问题研究	*	6	1155
15	宗教学	True	8	“一带一路”沿线国家的宗教与文化研究	*	7	1156
15	宗教学	True	9	儒家宗教观与历代宗教管理政策研究	*	8	1157
15	宗教学	True	10	当前佛教发展的理论与实践问题研究	*	9	1158
15	宗教学	True	11	《道藏》所涉道教思想文献的系统整理与诠释	*	10	1159
15	宗教学	True	12	新形势下我国天主教问题研究	*	11	1160
15	宗教学	True	13	西方战略安全决策体系中的宗教因素研究	*	12	1161
15	宗教学	True	14	当代中国基督徒社会心态及文化身份研究	*	13	1162
15	宗教学	True	15	当代全球伊斯兰信仰格局的变迁对世界及我国的影响研究	*	14	1163
15	宗教学	False	16	我国宗教坚持中国化方向研究		15	1164
15	宗教学	False	17	中国宗教与构建人类命运共同体研究		16	1165
15	宗教学	False	18	中国宗教领域新情况新问题研究		17	1166
15	宗教学	False	19	当代世界宗教发展态势研究		18	1167
15	宗教学	False	20	宗教学学科的观念、源流、现状及方法论研究		19	1168
15	宗教学	False	21	宗教学经典的翻译、传播与影响研究		20	1169
15	宗教学	False	22	国外宗教学文献和海外收藏中国宗教典籍的整理与研究		21	1170
15	宗教学	False	23	当代宗教与国际政治关系研究		22	1171
15	宗教学	False	24	中国三大语系佛教研究		23	1172
15	宗教学	False	25	佛教资料整理与研究		24	1173
15	宗教学	False	26	藏传佛教历史与文献研究		25	1174
15	宗教学	False	27	道教的历史与现状研究		26	1175
15	宗教学	False	28	道教及其文献的国际影响研究		27	1176
15	宗教学	False	29	基督教三大教派的历史、思想和文化研究		28	1177
15	宗教学	False	30	伊斯兰教的历史与现状研究		29	1178
15	宗教学	False	31	我国少数民族地区宗教及其文献整理与研究		30	1179
15	宗教学	False	32	民间信仰与民俗文化研究		31	1180
16	中国文学	True	1	习近平新时代中国特色社会主义思想对马克思主义文艺理论的创新发展研究	*	0	1181
16	中国文学	True	2	中国特色社会主义文学理论体系研究	*	1	1182
16	中国文学	True	3	马克思恩格斯的文学批评实践及其对当下文学批评的指导意义研究	*	2	1183
16	中国文学	True	4	马克思主义基本原理在当下文艺理论建设中的指导意义研究	*	3	1184
16	中国文学	True	5	马克思主义经典作家与国外文学研究	*	4	1185
16	中国文学	True	6	文学理论在马克思主义思想体系中的位置研究	*	5	1186
16	中国文学	True	7	当前各种新的文学现象与马克思主义文学理论的发展趋势研究	*	6	1187
16	中国文学	True	8	古代文论与中华美学精神的关系研究	*	7	1188
16	中国文学	True	9	古代文论与中国传统文化的现代意义研究	*	8	1189
16	中国文学	True	10	古代文论与当代文艺理论建设	*	9	1190
16	中国文学	True	11	中国古代文论在海外的传播及影响研究	*	10	1191
16	中国文学	True	12	中国古代文学海外传播研究	*	11	1192
16	中国文学	True	13	中国古代文学数据库建设	*	12	1193
16	中国文学	True	14	新文献的发现与中国古代文学研究	*	13	1194
16	中国文学	True	15	中国现当代文学与优秀传统文化关系研究	*	14	1195
16	中国文学	True	16	中国当代文学经典化研究	*	15	1196
16	中国文学	True	17	中国当代“红色经典”与现代左翼文学传统研究	*	16	1197
16	中国文学	True	18	中国当代女性文学本土化研究	*	17	1198
16	中国文学	True	19	中国乡土小说与当代乡村文化建设研究	*	18	1199
16	中国文学	True	20	中国历代典籍在海外的翻译、传播与影响研究	*	19	1200
16	中国文学	True	21	海外汉学研究的新成果	*	20	1201
16	中国文学	True	22	改革开放40年文学综合研究	*	21	1202
16	中国文学	True	23	现实主义文学创作与理论的现状及发展趋势研究	*	22	1203
16	中国文学	True	24	网络文学批评话语体系研究	*	23	1204
16	中国文学	True	25	近40年文学论争研究与文献整理	*	24	1205
16	中国文学	True	26	马克思主义文学理论在中国少数民族地区的发展历程研究	*	25	1206
16	中国文学	True	27	“一带一路”沿线国家与中国少数民族文学关系研究	*	26	1207
16	中国文学	True	28	少数民族网络文学研究	*	27	1208
16	中国文学	True	29	少数民族女性文学研究	*	28	1209
16	中国文学	True	30	老一辈少数民族革命家对民族区域自治制度的理论贡献研究	*	29	1210
16	中国文学	True	31	“五四”新文学运动百年综合研究	*	30	1211
16	中国文学	True	32	“新文化运动”以来的翻译文学与中国作家研究	*	31	1212
16	中国文学	True	33	中外文论概念系统的比较研究	*	32	1213
16	中国文学	True	34	国外文学与文论的最新文献研究	*	33	1214
16	中国文学	True	35	外国文学经典在中国的翻译、传播与影响研究	*	34	1215
16	中国文学	True	36	海外汉学与中国现当代文学研究	*	35	1216
16	中国文学	True	37	百年来书话文献整理研究与数据库建设	*	36	1217
16	中国文学	True	38	现代西方文艺理论与马克思主义文艺理论的对话与交融研究	*	37	1218
16	中国文学	True	39	现当代西方文艺美学历史演进研究	*	38	1219
16	中国文学	True	40	当代西方文艺美学的新观念与前沿问题研究	*	39	1220
16	中国文学	True	41	新世纪以来的西方马克思主义文论研究	*	40	1221
16	中国文学	True	42	西方文艺理论中的意识形态问题研究	*	41	1222
16	中国文学	False	43	马克思主义文学理论与德国古典美学的关系研究		42	1223
16	中国文学	False	44	马克思主义与20世纪以来西方文学理论的关系研究		43	1224
16	中国文学	False	45	马克思主义与现代以来中国文学理论发展的关系研究		44	1225
16	中国文学	False	46	21世纪以来西方马克思主义文艺理论发展现状研究		45	1226
16	中国文学	False	47	中国古代文论的话语生成机制研究		46	1227
16	中国文学	False	48	中国古代文学制度与古代文论话语形态的关系研究		47	1228
16	中国文学	False	49	中国古代文学创作与文论的互动关系研究		48	1229
16	中国文学	False	50	中国古代文学共同体的生成对文论话语的影响研究		49	1230
16	中国文学	False	51	中国古代文学研究方法		50	1231
16	中国文学	False	52	中国古代文学经典化研究		51	1232
16	中国文学	False	53	中国古代经典作家及作品研究		52	1233
16	中国文学	False	54	中国古代文体发生与文体形态研究		53	1234
16	中国文学	False	55	中国古代经学与文学研究		54	1235
16	中国文学	False	56	中国古代文学学科史研究		55	1236
16	中国文学	False	57	历代总集、别集编纂与刊刻研究		56	1237
16	中国文学	False	58	近百年现实主义文学思潮研究		57	1238
16	中国文学	False	59	中国现当代重要作家作品研究		58	1239
16	中国文学	False	60	中国多民族文学关系研究		59	1240
16	中国文学	False	61	中国少数民族著名作家研究		60	1241
16	中国文学	False	62	中国游牧民族传统生态知识的传承、保护与应用研究		61	1242
16	中国文学	False	63	国外中国少数民族文学研究史		62	1243
16	中国文学	False	64	藏文典籍的收集整理与研究		63	1244
16	中国文学	False	65	海外华文文学重要作家作品研究		64	1245
16	中国文学	False	66	海外汉学文献整理与专题研究		65	1246
16	中国文学	False	67	海外图书馆所藏中国典籍的整理与研究		66	1247
16	中国文学	False	68	20世纪中国文学框架中的台港澳文学研究		67	1248
16	中国文学	False	69	人工智能与文艺美学交叉研究		68	1249
16	中国文学	False	70	外国文论的基本文献与理论范畴研究		69	1250
16	中国文学	False	71	20世纪90年代以来的西方叙事学研究		70	1251
17	外国文学	True	1	国外马克思主义文艺理论及批评家研究	*	0	1252
17	外国文学	True	2	中外经典作家翻译研究	*	1	1253
17	外国文学	True	3	外国文学学科史研究（分语种、国别）	*	2	1254
17	外国文学	True	4	中东欧文学文化研究（分语种、国别）	*	3	1255
17	外国文学	True	5	东南亚当代文学研究（分语种、国别）	*	4	1256
17	外国文学	True	6	拉美当代文学研究（分语种、国别）	*	5	1257
17	外国文学	True	7	21世纪俄语文学研究	*	6	1258
17	外国文学	True	8	英国城乡文学关系研究	*	7	1259
17	外国文学	True	9	美国文学与国家认同研究	*	8	1260
17	外国文学	False	10	“一带一路”区域国别文学研究（侧重中亚和非洲）		9	1261
17	外国文学	False	11	五四运动以来中外文学交流史研究		10	1262
17	外国文学	False	12	外国经典作家作品研究		11	1263
17	外国文学	False	13	外国文学理论重要思潮研究		12	1264
17	外国文学	False	14	西方文论前沿问题研究		13	1265
17	外国文学	False	15	中国外国文学重要翻译家、学者研究		14	1266
17	外国文学	False	16	欧洲文学中的中国意象研究		15	1267
17	外国文学	False	17	外国民间文学与文化研究		16	1268
17	外国文学	False	18	文艺复兴运动初期欧洲俗语文学研究		17	1269
17	外国文学	False	19	外国重要文学期刊研究		18	1270
17	外国文学	False	20	外国海洋文学研究		19	1271
17	外国文学	False	21	外国科幻文学研究		20	1272
17	外国文学	False	22	国外新媒体文学研究		21	1273
17	外国文学	False	23	西方来华传教士文学研究		22	1274
17	外国文学	False	24	外国文学与国民教育研究（侧重文学史、教科书）		23	1275
17	外国文学	False	25	欧洲当代文学研究		24	1276
17	外国文学	False	26	亚洲汉文学文献研究		25	1277
18	语言学	True	1	中国特色语言学学科体系、学术体系和话语体系研究	*	0	1278
18	语言学	True	2	中国百年来语言文字规范标准发展研究	*	1	1279
18	语言学	True	3	“一带一路”地区语言调查与研究	*	2	1280
18	语言学	True	4	农村留守家庭语言问题调查与语言服务研究	*	3	1281
18	语言学	True	5	流动人口或移民对我国语言格局影响的调查与研究	*	4	1282
18	语言学	True	6	当代中国语言生活发展变化研究	*	5	1283
18	语言学	True	7	基于语料库的新媒体语言研究	*	6	1284
18	语言学	True	8	中国政治与文化核心概念的多语言解读与翻译研究	*	7	1285
18	语言学	True	9	基于中国境内语言的语言学理论创新研究	*	8	1286
18	语言学	True	10	数字化时代语言文字生活现状的调查与研究	*	9	1287
18	语言学	True	11	语言智能的社会影响及社会反馈研究	*	10	1288
18	语言学	True	12	中国学龄前儿童语言语料库建设	*	11	1289
18	语言学	True	13	汉语国际教育和孔子学院研究	*	12	1290
18	语言学	True	14	语境对外语学习（第二语言学习）的影响研究	*	13	1291
18	语言学	True	15	上古汉语致使形态研究	*	14	1292
18	语言学	True	16	汉语语法化与词汇化的界面研究	*	15	1293
18	语言学	True	17	语言类型学视角下的汉语复句及其关联标记研究	*	16	1294
18	语言学	True	18	汉语方言语法类型语料库建设	*	17	1295
18	语言学	True	19	方言文化保护、传承的理论与实践研究	*	18	1296
18	语言学	True	20	脱贫攻坚背景下的语言与贫困关系研究	*	19	1297
18	语言学	False	21	汉语语音史、词汇史、语法史研究		20	1298
18	语言学	False	22	中国传统语文学（文字、音韵、训诂）的继承与创新研究		21	1299
18	语言学	False	23	出土文献语料库建设与上古汉语研究		22	1300
18	语言学	False	24	汉语方言史研究		23	1301
18	语言学	False	25	晚清以来汉语通语发展史研究		24	1302
18	语言学	False	26	汉语发展中的语言接触研究		25	1303
18	语言学	False	27	语义句法互动的汉语实词的语义演变研究		26	1304
18	语言学	False	28	上古汉语并列结构研究		27	1305
18	语言学	False	29	出土文献的词汇语法研究		28	1306
18	语言学	False	30	近代汉语语法和方言语法对比研究		29	1307
18	语言学	False	31	域内外汉语注音资料系统整理与利用研究		30	1308
18	语言学	False	32	韵书比较研究		31	1309
18	语言学	False	33	汉字发展的理论研究		32	1310
18	语言学	False	34	汉语与汉字的关系研究		33	1311
18	语言学	False	35	历代文献（出土、传世）用字研究		34	1312
18	语言学	False	36	基于出土文献的汉字断代研究		35	1313
18	语言学	False	37	中国语言学思想史研究		36	1314
18	语言学	False	38	中外语言文字学接触交流史研究		37	1315
18	语言学	False	39	汉语新诗韵律研究		38	1316
18	语言学	False	40	汉语虚词的句法和语义属性研究		39	1317
18	语言学	False	41	汉语的语体类型与语言表征研究		40	1318
18	语言学	False	42	汉语方言的全覆盖调查与研究		41	1319
18	语言学	False	43	分省或分方言区方言地图编写		42	1320
18	语言学	False	44	闽、粤、客方言海外流布研究		43	1321
18	语言学	False	45	濒危汉语方言调查与研究		44	1322
18	语言学	False	46	西北、西南语言接触地区方言深度调查与研究		45	1323
18	语言学	False	47	汉语方言差异和历史层次研究		46	1324
18	语言学	False	48	方言语法区域性特征比较研究		47	1325
18	语言学	False	49	语言接触下的汉语方言岛语音变异研究		48	1326
18	语言学	False	50	汉语方言的语义演变研究		49	1327
18	语言学	False	51	汉语方言语音类型比较研究		50	1328
18	语言学	False	52	现代汉语方言音变现象研究		51	1329
18	语言学	False	53	国家语言能力建设研究		52	1330
18	语言学	False	54	世界语言生活的动态研究		53	1331
18	语言学	False	55	语言资源的开发应用研究		54	1332
18	语言学	False	56	海外华语资源库建设研究		55	1333
18	语言学	False	57	不同群体的语言状况调查与研究		56	1334
18	语言学	False	58	儿童语言发展研究		57	1335
18	语言学	False	59	跨境移民语言适应的理论与个案研究		58	1336
18	语言学	False	60	基于双语者视角的语言接触研究		59	1337
18	语言学	False	61	网络时代语言特点与语言文明研究		60	1338
18	语言学	False	62	人工智能语言的开发与应用研究		61	1339
18	语言学	False	63	基于汉语事实的神经、心理语言学研究		62	1340
18	语言学	False	64	汉语语素语义加工的认知和神经机制研究		63	1341
18	语言学	False	65	双语学习的加工、控制的神经机制研究		64	1342
18	语言学	False	66	语言障碍人群的语言机制与语言能力提升研究		65	1343
18	语言学	False	67	聋人语言能力的康复研究		66	1344
18	语言学	False	68	老龄人群语言保持与蚀失研究		67	1345
18	语言学	False	69	跨文化言语交际的语用学研究		68	1346
18	语言学	False	70	汉语语体研究		69	1347
18	语言学	False	71	文体修辞的理论与应用研究		70	1348
18	语言学	False	72	汉语修辞学研究		71	1349
18	语言学	False	73	计算语言学研究		72	1350
18	语言学	False	74	语料库语言学研究		73	1351
18	语言学	False	75	基于中国语言事实的认知语言学研究		74	1352
18	语言学	False	76	区域类型学与区域语言学研究		75	1353
18	语言学	False	77	语言类型学的理论和个案研究		76	1354
18	语言学	False	78	量词的语言类型学研究		77	1355
18	语言学	False	79	我国少数民族语言资源深度保护与开发研究		78	1356
18	语言学	False	80	民族语言地理信息系统研究		79	1357
18	语言学	False	81	我国传统民族文字语言海外文献搜集整理与研究		80	1358
18	语言学	False	82	地方志等历史文献所记录的民族语言资料整理与研究		81	1359
18	语言学	False	83	藏缅语形态演变研究		82	1360
18	语言学	False	84	明清传教士汉语文献与近代方言研究		83	1361
18	语言学	False	85	中国特色外语教育教学理论研究		84	1362
18	语言学	False	86	汉语国际教育的理论和实践研究		85	1363
18	语言学	False	87	新时代外语教材体系与教师发展研究		86	1364
18	语言学	False	88	面向汉语二语教学的现代汉语专题研究		87	1365
18	语言学	False	89	基于实验的汉语作为第二语言的习得研究		88	1366
18	语言学	False	90	第二语言习得理论与实验研究		89	1367
18	语言学	False	91	语言测试与语言能力提升研究		90	1368
18	语言学	False	92	中国翻译理论的构建研究		91	1369
18	语言学	False	93	中英学术话语体系对比研究		92	1370
18	语言学	False	94	汉语言知识库建设及汉外双解词典编纂研究		93	1371
18	语言学	False	95	非通用外语与汉语的平行语料库研制与应用研究		94	1372
18	语言学	False	96	汉外语言对比与翻译研究		95	1373
18	语言学	False	97	大数据时代的机器翻译研究		96	1374
18	语言学	False	98	现代技术与口笔译认知心理过程研究		97	1375
18	语言学	False	99	复合型国际化高端外语人才培养的理论与实践研究		98	1376
18	语言学	False	100	国外语言文字学经典著作翻译及研究		99	1377
19	新闻学与传播学	True	1	习近平总书记关于新闻工作职责和使命的基本原则研究	*	0	1378
19	新闻学与传播学	True	2	习近平总书记关于新闻队伍建设的基本要求研究	*	1	1379
19	新闻学与传播学	True	3	中国特色新闻学学科体系、学术体系和话语体系研究	*	2	1380
19	新闻学与传播学	True	4	新时代党对意识形态工作的领导权研究	*	3	1381
19	新闻学与传播学	True	5	新时代中国共产党新闻宣传理论与实践研究	*	4	1382
19	新闻学与传播学	True	6	人类命运共同体与全球传播秩序重建研究	*	5	1383
19	新闻学与传播学	True	7	中国展现负责任大国形象的海外传播研究	*	6	1384
19	新闻学与传播学	True	8	新时代中国纪录片国际传播能力建设研究	*	7	1385
19	新闻学与传播学	True	9	新闻舆论工作的“党性原则”及其实践研究	*	8	1386
19	新闻学与传播学	True	10	“以人民为中心”的新闻宣传思想研究	*	9	1387
19	新闻学与传播学	True	11	中国共产党领导新闻舆论工作史研究	*	10	1388
19	新闻学与传播学	True	12	新时代网络舆情的大数据使用与研究	*	11	1389
19	新闻学与传播学	True	13	新时代公民媒介素养研究	*	12	1390
19	新闻学与传播学	True	14	“一带一路”倡议下中国非物质文化遗产的跨文化传播研究	*	13	1391
19	新闻学与传播学	True	15	“一带一路”倡议的全球传播战略与策略研究	*	14	1392
19	新闻学与传播学	True	16	大众传媒与乡村振兴研究	*	15	1393
19	新闻学与传播学	True	17	中国传媒现代治理体系建构研究	*	16	1394
19	新闻学与传播学	True	18	构建全球网络安全体系研究	*	17	1395
19	新闻学与传播学	True	19	互联网环境中主流新闻机构公信力和影响力建设研究	*	18	1396
19	新闻学与传播学	True	20	网络视频监管研究	*	19	1397
19	新闻学与传播学	True	21	新网络治理环境下政务新媒体受众参与机制研究	*	20	1398
19	新闻学与传播学	True	22	融合媒介环境下突发事件舆情应对与经验研究	*	21	1399
19	新闻学与传播学	True	23	网上正面舆论引导基本规律研究	*	22	1400
19	新闻学与传播学	True	24	互联网条件下舆论学理论体系建构研究	*	23	1401
19	新闻学与传播学	True	25	智能时代区域性主流媒体传播效力评价研究	*	24	1402
19	新闻学与传播学	True	26	网络社群中网民价值观引导研究	*	25	1403
19	新闻学与传播学	True	27	网络媒体时、度、效的方法策略研究	*	26	1404
19	新闻学与传播学	True	28	社交网络对公众社会认知能力的影响方式及效能研究	*	27	1405
19	新闻学与传播学	True	29	中美贸易摩擦中我国主流媒体的舆情应对研究	*	28	1406
19	新闻学与传播学	True	30	新媒体环境下的主旋律叙事研究	*	29	1407
19	新闻学与传播学	True	31	社交媒体公众号的作者责任及言论规范研究	*	30	1408
19	新闻学与传播学	True	32	算法时代恐怖主义信息传播的特点与应对策略研究	*	31	1409
19	新闻学与传播学	True	33	社交媒体对组织传播与管理的影响研究	*	32	1410
19	新闻学与传播学	True	34	大数据背景下辟谣信息的生成与传播研究	*	33	1411
19	新闻学与传播学	True	35	智能手机使用对民众生活方式的影响研究	*	34	1412
19	新闻学与传播学	True	36	人工智能对公共信息传播的作用方式及效果控制研究	*	35	1413
19	新闻学与传播学	True	37	中国电视内容生产与传播创新研究	*	36	1414
19	新闻学与传播学	True	38	新中国广播电视新闻生产与社会变革研究	*	37	1415
19	新闻学与传播学	True	39	政治传播视域下纪录片的观念、历史、策略研究	*	38	1416
19	新闻学与传播学	True	40	新时期中国外宣片的传播力、引导力、公信力研究	*	39	1417
19	新闻学与传播学	True	41	网络时代广播发展战略研究	*	40	1418
19	新闻学与传播学	True	42	网络社群文化的品牌消费引领研究	*	41	1419
19	新闻学与传播学	True	43	新媒体时代播音主持创新研究	*	42	1420
19	新闻学与传播学	True	44	新媒体广告的现状与趋势研究	*	43	1421
19	新闻学与传播学	True	45	改革开放以来我国的跨文化广告研究	*	44	1422
19	新闻学与传播学	True	46	媒介融合改革的难点与可行路径研究	*	45	1423
19	新闻学与传播学	True	47	智媒时代的新闻传播教学及人才培养研究	*	46	1424
19	新闻学与传播学	True	48	绿色发展理念背景下的我国环境传播研究	*	47	1425
19	新闻学与传播学	True	49	我国应对气候变化问题的传播对策研究	*	48	1426
19	新闻学与传播学	True	50	新闻侵权多元纠纷解决机制研究	*	49	1427
19	新闻学与传播学	True	51	中国主题出版的历史、现状及趋势研究	*	50	1428
19	新闻学与传播学	True	52	推动出版业发展的新动能研究	*	51	1429
19	新闻学与传播学	True	53	中国编辑学理论的变迁与重构研究	*	52	1430
19	新闻学与传播学	True	54	“一带一路”背景下中国出版走出去研究	*	53	1431
19	新闻学与传播学	True	55	场景在数字出版中的应用研究	*	54	1432
19	新闻学与传播学	True	56	数字化时代农家书屋发展研究	*	55	1433
19	新闻学与传播学	True	57	中国近代书业广告研究	*	56	1434
19	新闻学与传播学	True	58	性别视域下自媒体传播研究	*	57	1435
19	新闻学与传播学	False	59	中国模式与中国特色新闻学研究		58	1436
19	新闻学与传播学	False	60	智能媒体时代传播学的理论构建研究		59	1437
19	新闻学与传播学	False	61	县级融媒体中心建设与发展研究		60	1438
19	新闻学与传播学	False	62	新时代村镇文化传播研究		61	1439
19	新闻学与传播学	False	63	公益传播力构建研究		62	1440
19	新闻学与传播学	False	64	形象宣传片中的国家形象“自塑”策略研究		63	1441
19	新闻学与传播学	False	65	国外社交媒体内容审查与极端言论规避机制研究		64	1442
19	新闻学与传播学	False	66	社交媒体正能量传播机制研究		65	1443
19	新闻学与传播学	False	67	青少年社交媒体使用状况研究		66	1444
19	新闻学与传播学	False	68	网络新闻污染与治理研究		67	1445
19	新闻学与传播学	False	69	大数据背景下的信息流动与隐私权保护研究		68	1446
19	新闻学与传播学	False	70	网络游戏的发展状况与社会影响研究		69	1447
19	新闻学与传播学	False	71	国际化背景下中国出版品牌传播效果研究		70	1448
19	新闻学与传播学	False	72	我国出版产业与人工智能技术融合发展研究		71	1449
19	新闻学与传播学	False	73	区块链技术在出版业中的应用研究		72	1450
19	新闻学与传播学	False	74	版权保护强度与出版产业效益关系研究		73	1451
19	新闻学与传播学	False	75	中国传播学史研究		74	1452
19	新闻学与传播学	False	76	中国古代政治传播研究		75	1453
19	新闻学与传播学	False	77	中国近代译报与西学东渐研究		76	1454
19	新闻学与传播学	False	78	五四运动主题文献的出版传播研究		77	1455
19	新闻学与传播学	False	79	新中国70年来我国出版业管理体制改革的演进研究		78	1456
19	新闻学与传播学	False	80	在华传教士报刊的世俗化研究		79	1457
20	图书馆·情报与文献学	True	1	新时代图书情报与档案管理学科体系的重新构建研究	*	0	1458
20	图书馆·情报与文献学	True	2	新时代文化自信视域下的经典阅读研究	*	1	1459
20	图书馆·情报与文献学	True	3	科研用户知识资源采纳的认知机理研究	*	2	1460
20	图书馆·情报与文献学	True	4	在线医疗社区的信息甄别机制研究	*	3	1461
20	图书馆·情报与文献学	True	5	大数据环境下面向图书馆资源的跨媒体知识服务研究	*	4	1462
20	图书馆·情报与文献学	True	6	公共图书馆法人治理结构与模式研究	*	5	1463
20	图书馆·情报与文献学	True	7	面向全面小康战略目标的图书馆发展路径研究	*	6	1464
20	图书馆·情报与文献学	True	8	数字融合出版与图书馆一体化服务战略研究	*	7	1465
20	图书馆·情报与文献学	True	9	大数据环境下图书馆绩效评价研究	*	8	1466
20	图书馆·情报与文献学	True	10	突发事件中网民情感状态演变规律研究	*	9	1467
20	图书馆·情报与文献学	True	11	人工智能环境下的国家安全与竞争情报研究	*	10	1468
20	图书馆·情报与文献学	True	12	情感与认知视角下信息检索行为模型的构建及实证研究	*	11	1469
20	图书馆·情报与文献学	True	13	数字图书馆元数据建设体系研究	*	12	1470
20	图书馆·情报与文献学	True	14	社会力量参与公共阅读空间建设准入机制研究	*	13	1471
20	图书馆·情报与文献学	True	15	少儿时期阅读习惯对成年后阅读与生活的影响研究	*	14	1472
20	图书馆·情报与文献学	True	16	数字图书馆用户信用体系研究	*	15	1473
20	图书馆·情报与文献学	True	17	图书馆自主学习空间建设研究	*	16	1474
20	图书馆·情报与文献学	True	18	公共图书馆企业信息服务创新研究	*	17	1475
20	图书馆·情报与文献学	True	19	助力“双一流”建设的高校图书馆管理与服务创新研究	*	18	1476
20	图书馆·情报与文献学	True	20	乡村振兴战略背景下图书馆精准服务及实现机制研究	*	19	1477
20	图书馆·情报与文献学	True	21	图书馆儿童阅读服务的管理与测评研究	*	20	1478
20	图书馆·情报与文献学	True	22	台湾地区馆藏图书馆学史料整理与研究	*	21	1479
20	图书馆·情报与文献学	True	23	面向智慧服务的多源多维公共文化数据治理及政策保障研究	*	22	1480
20	图书馆·情报与文献学	True	24	基于图书馆主导的小微企业竞争情报精准定制与运行策略研究	*	23	1481
20	图书馆·情报与文献学	True	25	我国信息服务机构个人信息管理的“合规性”研究	*	24	1482
20	图书馆·情报与文献学	True	26	大数据环境下同行评议方法模式研究	*	25	1483
20	图书馆·情报与文献学	True	27	基于复合数据的科技信息跨维度挖掘与推荐研究	*	26	1484
20	图书馆·情报与文献学	True	28	建构主义视角下用户网络信息搜索中的学习机理研究	*	27	1485
20	图书馆·情报与文献学	True	29	人文社会科学领域学术诚信状况的实证分析	*	28	1486
20	图书馆·情报与文献学	True	30	学习型检索交互中的用户情感研究	*	29	1487
20	图书馆·情报与文献学	True	31	高校知识产权信息服务机制研究	*	30	1488
20	图书馆·情报与文献学	True	32	基于语义网的医疗健康信息组织与服务模式研究	*	31	1489
20	图书馆·情报与文献学	True	33	面向跨界流域管理的应急决策情报体系构建研究	*	32	1490
20	图书馆·情报与文献学	True	34	数据安全治理研究	*	33	1491
20	图书馆·情报与文献学	True	35	泛在智慧环境下个人信息保护机制及对策研究	*	34	1492
20	图书馆·情报与文献学	True	36	电子文件证据地位及证据效力的保障体系研究	*	35	1493
20	图书馆·情报与文献学	True	37	档案用户体验与感知优化研究	*	36	1494
20	图书馆·情报与文献学	True	38	新时代我国档案管理体制改革研究	*	37	1495
20	图书馆·情报与文献学	True	39	数字政府背景下电子文件单轨制管理研究	*	38	1496
20	图书馆·情报与文献学	True	40	“互联网+”背景下多媒体档案知识发现研究	*	39	1497
20	图书馆·情报与文献学	True	41	我国传统家谱的内容挖掘与可视化方法研究	*	40	1498
20	图书馆·情报与文献学	True	42	多样化军事行动任务中的档案管理模式研究	*	41	1499
20	图书馆·情报与文献学	True	43	档案在身份认同中的功能与实现研究	*	42	1500
20	图书馆·情报与文献学	True	44	互联网时代知识共享与版权保护研究	*	43	1501
20	图书馆·情报与文献学	True	45	新时代中国出版产业政策与意识形态安全研究	*	44	1502
20	图书馆·情报与文献学	True	46	开放科学背景下我国人文社会科学国际影响力提升的理论与实践研究	*	45	1503
20	图书馆·情报与文献学	True	47	中国特色网络内容治理的制度设计与实施路径研究	*	46	1504
20	图书馆·情报与文献学	True	48	移动场景下学术期刊服务链重构研究	*	47	1505
20	图书馆·情报与文献学	True	49	基于多源数据的企业融合决策与评价研究	*	48	1506
20	图书馆·情报与文献学	True	50	信息生态学视野下的在线教育产业构成、运行机制及优化研究	*	49	1507
20	图书馆·情报与文献学	False	51	领域大数据治理前沿理论研究		50	1508
20	图书馆·情报与文献学	False	52	新中国图书馆事业发展研究		51	1509
20	图书馆·情报与文献学	False	53	当代中国公共图书馆全域服务体系的理论与实践研究		52	1510
20	图书馆·情报与文献学	False	54	大数据开发利用中的伦理问题研究		53	1511
20	图书馆·情报与文献学	False	55	新时代图书情报事业发展的新业态与新动力研究		54	1512
20	图书馆·情报与文献学	False	56	数字人文视域下图书馆转型研究		55	1513
20	图书馆·情报与文献学	False	57	智慧图书馆建设的模式与路径研究		56	1514
20	图书馆·情报与文献学	False	58	公共图书馆评估研究		57	1515
20	图书馆·情报与文献学	False	59	中小学图书馆建设研究		58	1516
20	图书馆·情报与文献学	False	60	学术大数据环境下的科学成果评价研究		59	1517
20	图书馆·情报与文献学	False	61	中国图书馆学史人物与思想研究		60	1518
20	图书馆·情报与文献学	False	62	高被引与高关注学术影响力研究		61	1519
20	图书馆·情报与文献学	False	63	知识服务的深化及其用户智慧融入方式研究		62	1520
20	图书馆·情报与文献学	False	64	人文社会科学科研诚信规范体系及建设研究		63	1521
20	图书馆·情报与文献学	False	65	开放政府数据的应用及用户研究		64	1522
20	图书馆·情报与文献学	False	66	面向知识关联的档案价值发现和实现技术研究		65	1523
20	图书馆·情报与文献学	False	67	数字档案资产管理的理论与实践研究		66	1524
20	图书馆·情报与文献学	False	68	社会建档理论与方法研究		67	1525
20	图书馆·情报与文献学	False	69	民间历史档案整理与研究		68	1526
20	图书馆·情报与文献学	False	70	乡村振兴战略背景下档案管理改革研究		69	1527
20	图书馆·情报与文献学	False	71	大数据背景下个人存档的理论、方法与政策引导研究		70	1528
20	图书馆·情报与文献学	False	72	台湾地区档案学术思想研究		71	1529
20	图书馆·情报与文献学	False	73	开放科学背景下学术出版创新与知识服务升级研究		72	1530
20	图书馆·情报与文献学	False	74	电子商务信息服务新机制研究		73	1531
21	体育学	True	1	习近平总书记关于体育工作的重要论述研究	*	0	1532
21	体育学	True	2	习近平新时代中国特色社会主义思想与中华体育精神研究	*	1	1533
21	体育学	True	3	中国共产党领导的体育工作经验研究	*	2	1534
21	体育学	True	4	中国特色体育学学科体系、学术体系和话语体系研究	*	3	1535
21	体育学	True	5	改革开放40年中国体育发展的历程、成就和经验研究	*	4	1536
21	体育学	True	6	北京冬奥会促进区域体育协同发展研究	*	5	1537
21	体育学	True	7	2008年北京奥运会文化遗产保护对2022冬奥会创新的启示研究	*	6	1538
21	体育学	True	8	东京奥运会中国体育代表团参赛优势与风险研究	*	7	1539
21	体育学	True	9	人民美好生活需要与构建公共体育服务体系研究	*	8	1540
21	体育学	True	10	更好发挥我国在各类国际体育组织中的作用研究	*	9	1541
21	体育学	True	11	中国体育外交研究	*	10	1542
21	体育学	True	12	“一带一路”倡议实施中体育的重点与难点问题研究	*	11	1543
21	体育学	True	13	深化我国运动项目协会改革研究	*	12	1544
21	体育学	True	14	体育竞赛体系的科学化研究	*	13	1545
21	体育学	True	15	政府、社会、学校、家庭对学生体质健康影响研究	*	14	1546
21	体育学	True	16	足球特色学校管理与评价研究	*	15	1547
21	体育学	True	17	体育科学数据管理前沿理论研究	*	16	1548
21	体育学	True	18	运动促进健康教育体系研究	*	17	1549
21	体育学	True	19	新时代我国青少年体育价值观研究	*	18	1550
21	体育学	True	20	中外体育思想比较研究	*	19	1551
21	体育学	True	21	不同运动项目产业发展规律研究	*	20	1552
21	体育学	True	22	推动体育大数据开发与产业化研究	*	21	1553
21	体育学	True	23	体育产学研与科技成果转化研究	*	22	1554
21	体育学	True	24	中国职业体育发展研究	*	23	1555
21	体育学	True	25	奥林匹克教育理论与实践研究	*	24	1556
21	体育学	False	26	中国特色社会主义体育文化研究		25	1557
21	体育学	False	27	体育强国国际标准研究		26	1558
21	体育学	False	28	举国体制与体育市场机制相结合的新机制研究		27	1559
21	体育学	False	29	中国体育思想研究		28	1560
21	体育学	False	30	体育标准化研究		29	1561
21	体育学	False	31	健康中国与体育发展研究		30	1562
21	体育学	False	32	体育道德与行为规范研究		31	1563
21	体育学	False	33	体育运动中的哲学思想研究		32	1564
21	体育学	False	34	2022年冬奥会备战参赛研究		33	1565
21	体育学	False	35	2022年冬奥会志愿者服务研究		34	1566
21	体育学	False	36	竞技体育选材若干理论与实践问题研究		35	1567
21	体育学	False	37	竞技体育的国际竞争力研究		36	1568
21	体育学	False	38	青少年体育后备人才多元培养与整合发展研究		37	1569
21	体育学	False	39	大型体育赛事与专业人才培养研究		38	1570
21	体育学	False	40	体育与新媒体融合发展研究		39	1571
21	体育学	False	41	奥运项目、非奥项目和民族传统项目协调发展研究		40	1572
21	体育学	False	42	互联网、大数据、人工智能与体育深度融合研究		41	1573
21	体育学	False	43	体育赛事与城市发展研究		42	1574
21	体育学	False	44	“一带一路”背景下我国体育文化传播研究		43	1575
21	体育学	False	45	中外体育迷（球迷）文化比较研究		44	1576
21	体育学	False	46	民族民间体育赛事研究		45	1577
21	体育学	False	47	群众体育纵深发展研究		46	1578
21	体育学	False	48	冰雪运动与文化旅游产业融合发展研究		47	1579
21	体育学	False	49	冬奥会与全民健身协调发展研究		48	1580
21	体育学	False	50	全民健身科学化研究		49	1581
21	体育学	False	51	城乡体育协调发展研究		50	1582
21	体育学	False	52	城市社区体育设施配套升级研究		51	1583
21	体育学	False	53	精准扶贫与农村体育发展研究		52	1584
21	体育学	False	54	全民健身模范城市建设标准研究		53	1585
21	体育学	False	55	全民健身与全民健康深度融合研究		54	1586
21	体育学	False	56	体医融合研究		55	1587
21	体育学	False	57	运动与健康教育研究		56	1588
21	体育学	False	58	妇女体育研究		57	1589
21	体育学	False	59	农村农民体育研究		58	1590
21	体育学	False	60	残疾人体育研究		59	1591
21	体育学	False	61	特殊人群运动干预研究		60	1592
21	体育学	False	62	新时代中国体育社会组织创新发展研究		61	1593
21	体育学	False	63	促进我国居民体育消费升级的理论与实证研究		62	1594
21	体育学	False	64	提高我国公共体育服务体系质量研究		63	1595
21	体育学	False	65	推进区域体育可持续发展研究		64	1596
21	体育学	False	66	老年人体育健康促进的治理研究		65	1597
21	体育学	False	67	妇女、儿童体育健康促进研究		66	1598
21	体育学	False	68	残疾人体育健康促进研究		67	1599
21	体育学	False	69	区域体育协调发展研究		68	1600
21	体育学	False	70	体育发展与精准扶贫研究		69	1601
21	体育学	False	71	发展不平衡不充分与西部地区体育发展研究		70	1602
21	体育学	False	72	马拉松（路跑）现象及其在中国的兴起研究		71	1603
21	体育学	False	73	新时代农村体育公共服务体系研究		72	1604
21	体育学	False	74	体育促进生态文明研究		73	1605
21	体育学	False	75	改革开放40年学校体育发展研究		74	1606
21	体育学	False	76	国际体育新趋势研究		75	1607
21	体育学	False	77	社会主义核心价值观与青少年体育行为研究		76	1608
21	体育学	False	78	冰雪运动进校园研究		77	1609
21	体育学	False	79	深入推进校园足球研究		78	1610
21	体育学	False	80	体育与学生核心素养研究		79	1611
21	体育学	False	81	社会、学校、家庭对青少年体育的影响研究		80	1612
21	体育学	False	82	中外体育教育国际比较研究		81	1613
21	体育学	False	83	体育产业促进就业的渠道和配套政策研究		82	1614
21	体育学	False	84	“体旅文商农”融合发展研究		83	1615
21	体育学	False	85	科技创新对体育产业的推动与促进研究		84	1616
21	体育学	False	86	区域体育产业发展研究		85	1617
21	体育学	False	87	体育赛事品牌塑造研究		86	1618
21	体育学	False	88	体育产业投融资研究		87	1619
21	体育学	False	89	我国体育彩票公积金使用效益研究		88	1620
21	体育学	False	90	体育产业与相关产业融合发展研究		89	1621
21	体育学	False	91	经营性体育场所税费政策研究		90	1622
21	体育学	False	92	智慧体育应用与实践研究		91	1623
21	体育学	False	93	运动休闲理论与实践研究		92	1624
21	体育学	False	94	非正规体育社会组织治理研究		93	1625
21	体育学	False	95	武术申奥的对策研究		94	1626
21	体育学	False	96	民族民间体育传承与发展研究		95	1627
21	体育学	False	97	我国民族传统体育的理论创新研究		96	1628
21	体育学	False	98	中华民族传统体育跨文化传播研究		97	1629
21	体育学	False	99	我国少数民族体育的挖掘整理与创新研究		98	1630
21	体育学	False	100	改革开放40年我国体育哲学社会科学发展研究		99	1631
21	体育学	False	101	体育人文社会学学科体系与基础理论研究		100	1632
21	体育学	False	102	体育与军民融合研究		101	1633
21	体育学	False	103	体育与军队战斗力的关系研究		102	1634
22	管理学	True	1	中国特色管理学学科体系、学术体系和话语体系研究	*	0	1635
22	管理学	True	2	新时代深化国有企业混合所有制改革研究	*	1	1636
22	管理学	True	3	新时代培育良好营商环境的政策研究	*	2	1637
22	管理学	True	4	新时代自然保护地管理体制研究	*	3	1638
22	管理学	True	5	“一带一路”倡议下中国企业国际化战略研究	*	4	1639
22	管理学	True	6	促进工业绿色转型发展的政策体系研究	*	5	1640
22	管理学	True	7	中美贸易摩擦对中国企业成长战略影响研究	*	6	1641
22	管理学	True	8	中美贸易摩擦对我国科技创新体系建设的影响及对策研究	*	7	1642
22	管理学	True	9	基于价值链的国有企业与民营企业关系研究	*	8	1643
22	管理学	True	10	“竞争中立”的相关理论与实践研究	*	9	1644
22	管理学	True	11	中国传统管理哲学思想与现代企业管理理论的融合研究	*	10	1645
22	管理学	True	12	企业绿色治理理论与评价研究	*	11	1646
22	管理学	True	13	中国企业社会责任管理的理论与实践创新研究	*	12	1647
22	管理学	True	14	国有企业出资者财务体系构建研究	*	13	1648
22	管理学	True	15	基于中国制度背景的财务报告概念框架研究	*	14	1649
22	管理学	True	16	企业产融结合模式研究	*	15	1650
22	管理学	True	17	国有企业合规管理研究	*	16	1651
22	管理学	True	18	NGO组织治理结构研究	*	17	1652
22	管理学	True	19	网络平台企业风险生成机制及治理对策研究	*	18	1653
22	管理学	True	20	数字经济趋势下企业组织变革研究	*	19	1654
22	管理学	True	21	平台企业社会责任及治理对策研究	*	20	1655
22	管理学	True	22	互联网时代企业领导者角色与作用转型研究	*	21	1656
22	管理学	True	23	人工智能与互联网技术对企业人力资源管理体系的影响研究	*	22	1657
22	管理学	True	24	人工智能时代消费者自主权研究	*	23	1658
22	管理学	True	25	流通企业转型与竞争力提升研究	*	24	1659
22	管理学	True	26	中非企业产能合作研究	*	25	1660
22	管理学	True	27	世界一流企业的理论与实践研究	*	26	1661
22	管理学	True	28	共享经济时代下人力资源管理创新研究	*	27	1662
22	管理学	True	29	共享经济背景下的组织变革研究	*	28	1663
22	管理学	True	30	新生代员工心理与行为研究	*	29	1664
22	管理学	True	31	平台型企业员工的创新行为研究	*	30	1665
22	管理学	True	32	互联网时代的企业管理理论创新研究	*	31	1666
22	管理学	True	33	人工智能背景下的现代企业理论重构研究	*	32	1667
22	管理学	True	34	消费者在线行为模式研究	*	33	1668
22	管理学	True	35	跨国企业商务模式与经营研究	*	34	1669
22	管理学	True	36	跨境电商的发展战略研究	*	35	1670
22	管理学	True	37	数字化转型背景下的商业模式创新研究	*	36	1671
22	管理学	True	38	去中心条件下企业创新生态系统构建与运作机制研究	*	37	1672
22	管理学	True	39	先前创业动机对创业者股权安排和治理机制设计的影响研究	*	38	1673
22	管理学	True	40	创业生态系统内利益相关者共创意愿影响公司创业机理研究	*	39	1674
22	管理学	True	41	人口老龄化与社会保障体系建设研究	*	40	1675
22	管理学	True	42	商业保险参与社会保障体系建设研究	*	41	1676
22	管理学	True	43	农村精准扶贫发展的新趋势研究	*	42	1677
22	管理学	True	44	促进城乡要素流动机制研究	*	43	1678
22	管理学	True	45	乡村振兴战略中的基层治理研究	*	44	1679
22	管理学	True	46	推动绿色发展的公共政策体系研究	*	45	1680
22	管理学	True	47	乡村振兴战略背景下的城乡融合发展体制机制研究	*	46	1681
22	管理学	True	48	我国农业农村现代化模式研究	*	47	1682
22	管理学	True	49	户籍制度对城镇化进程的影响研究	*	48	1683
22	管理学	True	50	全面消除贫困后的农民收入问题研究	*	49	1684
22	管理学	True	51	农业绿色发展中政府、企业和农户的行为研究	*	50	1685
22	管理学	True	52	农村人居环境整治的模式及机制创新研究	*	51	1686
22	管理学	True	53	国有森林资源有偿使用制度下深化重点国有林区改革研究	*	52	1687
22	管理学	True	54	畜牧业生态化养殖的经济路径、制度设计和政策保障研究	*	53	1688
22	管理学	True	55	粮食主产区生态保障体系研究	*	54	1689
22	管理学	True	56	重要流域的生态补偿机制研究	*	55	1690
22	管理学	True	57	促进生态文明建设的政府公共管理研究	*	56	1691
22	管理学	True	58	社会主义市场经济下政府的公共管理和政策研究	*	57	1692
22	管理学	True	59	行政区划合理设置与国家治理体系现代化研究	*	58	1693
22	管理学	True	60	扩大进口战略下跨境电商发展创新研究	*	59	1694
22	管理学	True	61	基于“互联网+智慧流通”的中国流通竞争力提升路经和技术研究	*	60	1695
22	管理学	True	62	政府应对卫生健康突发事件的管理机制研究	*	61	1696
22	管理学	True	63	以数字经济构建精准扶贫的管理机制研究	*	62	1697
22	管理学	True	64	提高社会低收入群体幸福感的公共服务管理研究	*	63	1698
22	管理学	True	65	低收入群体的社会保障体系研究	*	64	1699
22	管理学	True	66	劳动就业面临的新问题及对策研究	*	65	1700
22	管理学	True	67	完善社会组织内部治理结构研究	*	66	1701
22	管理学	True	68	区域协同发展模式创新研究	*	67	1702
22	管理学	True	69	资源型城市绿色转型研究	*	68	1703
22	管理学	True	70	城市化与逆城市化协调发展研究	*	69	1704
22	管理学	True	71	城市群管理体制研究	*	70	1705
22	管理学	True	72	社会公共安全风险防控研究	*	71	1706
22	管理学	True	73	适应区域协同发展的公共管理和政策研究	*	72	1707
22	管理学	True	74	区域协同发展中的公共危机管理研究	*	73	1708
22	管理学	True	75	区域公共安全协调联动机制研究	*	74	1709
22	管理学	True	76	边远地区（少数民族地区）的公共安全与危机管理研究	*	75	1710
22	管理学	True	77	网络文化企业治理机制研究	*	76	1711
22	管理学	True	78	深化跨军地改革研究	*	77	1712
22	管理学	False	79	政府治理能力与治理体系现代化研究		78	1713
22	管理学	False	80	共享经济的发展与管理创新研究		79	1714
22	管理学	False	81	共享经济下的消费心理与行为研究		80	1715
22	管理学	False	82	绿色发展战略管理研究		81	1716
22	管理学	False	83	人工智能与先进制造业发展研究		82	1717
22	管理学	False	84	科技创新管理研究		83	1718
22	管理学	False	85	金融科技发展战略管理研究		84	1719
22	管理学	False	86	区块链技术的发展治理研究		85	1720
22	管理学	False	87	国有企业改革创新研究		86	1721
22	管理学	False	88	流通管理创新研究		87	1722
22	管理学	False	89	城乡一体化发展研究		88	1723
22	管理学	False	90	失业社会保障体系研究		89	1724
22	管理学	False	91	医疗社会保障体系研究		90	1725
22	管理学	False	92	养老社会保障体系研究		91	1726
22	管理学	False	93	应急管理机制研究		92	1727
22	管理学	False	94	城市危机管理研究		93	1728
22	管理学	False	95	人口城市化治理研究		94	1729
22	管理学	False	96	智慧城市建设研究		95	1730
22	管理学	False	97	长三角一体化协调发展研究		96	1731
22	管理学	False	98	知识产权保护与创新研究		97	1732
22	管理学	False	99	军民融合深度发展研究		98	1733
